Word,#Occurencies
в,837
и,633
на,308
не,305
я,220
с,213
как,187
что,179
к,145
а,131
то,122
это,116
арво,114
о,112
все,112
из,111
но,104
его,103
по,102
он,95
за,82
от,81
же,73
мы,69
бы,65
так,65
когда,58
было,57
мне,56
у,53
она,53
стихи,51
метс,50
поэта,47
или,47
поэзии,44
для,43
только,43
ты,41
всего,38
еще,38
ли,38
ее,37
стихотворении,37
они,36
вот,36
где,35
верлибра,34
поэт,34
их,34
жизни,33
меня,33
стихотворение,33
стихотворения,32
время,32
—,32
был,31
здесь,31
во,30
без,30
вы,30
стих,29
очень,29
себе,28
если,28
чтобы,28
нет,27
кто,27
даже,27
уже,27
метса,26
чем,26
поэтов,26
русского,25
эти,25
со,25
может,25
верлибр,24
нас,24
поэзия,24
человек,23
больше,23
до,23
том,23
году,23
есть,22
были,22
этом,22
после,22
пришла,22
солнце,22
можно,22
стиха,22
строки,22
себя,21
них,21
словно,21
много,21
более,20
ни,20
нужно,20
тебя,20
слова,20
сам,19
весь,19
мой,19
под,19
через,19
два,19
тем,19
стихов,19
стихах,19
хотя,18
знаю,18
своей,18
глаза,18
тебе,18
день,18
мир,18
быть,18
всегда,18
верлибре,18
жизнь,17
один,17
могу,17
ему,17
этот,17
3,17
судьба,16
тогда,16
людей,16
которая,16
русской,16
мира,16
солнца,16
над,16
ведь,16
лет,16
”,16
“в,16
годы,15
такой,15
девушки,15
нам,15
который,15
которые,15
одно,15
тоже,15
того,15
свободный,15
люди,14
между,14
какие,14
какой,14
небо,14
идут,14
при,14
блок,14
мороза,14
именно,14
осенних,13
года,13
будет,13
несколько,13
лишь,13
две,13
раз,13
белый,13
иногда,13
три,13
которых,13
2,13
мало,13
свободного,13
стихе,13
поэтому,13
потому,12
перед,12
хочу,12
нем,12
лежит,12
сегодня,12
руки,12
ничего,12
ней,12
писал,12
пушкина,12
эта,12
оно,12
прежде,12
была,12
книга,12
блока,12
сейчас,12
4,12
наш,11
моя,11
вместе,11
отец,11
душа,11
человека,11
свет,11
мои,11
вдруг,11
мысли,11
вас,11
него,11
н,11
1992,11
кажется,11
этого,11
основе,10
свой,10
земле,10
среди,10
там,10
вам,10
своим,10
россии,10
двух,10
одной,10
строк,10
взгляд,10
поэтической,10
думаю,10
слово,9
эстонской,9
института,9
словом,9
многих,9
совершенно,9
пути,9
х,9
начало,9
стоит,9
которую,9
никто,9
люблю,9
идет,9
окно,9
стал,9
нибудь,9
мою,9
друг,9
кого,9
почти,9
цветы,9
комнату,9
всеми,9
1,9
становится,9
сердца,9
большой,9
“я,9
такие,9
об,9
чувства,9
наиболее,9
некоторые,9
год,9
журнала,9
интонация,9
строке,9
читателя,9
мысль,9
свободном,9
отношение,9
лесах,8
вся,8
тому,8
той,8
всех,8
слов,8
воздух,8
своих,8
времена,8
сказать,8
сделать,8
гармонии,8
которого,8
владимир,8
тихо,8
неба,8
легко,8
маленький,8
увидеть,8
города,8
помню,8
землю,8
москва,8
дух,8
дети,8
свою,8
мной,8
долго,8
период,8
березы,8
свое,8
переводы,8
им,8
снег,8
начале,8
чуть,8
ей,8
книгу,8
г,8
душе,8
образ,8
которой,8
случае,8
стихотворений,8
возможно,8
строфа,8
трех,8
главное,8
статье,8
содержания,8
пишет,8
русский,8
сергей,8
наровчатов,8
происходит,7
настигла,7
людям,7
маленькая,7
лирика,7
руси,7
впрочем,7
поэтом,7
боль,7
дом,7
касается,7
золотой,7
давно,7
земли,7
листья,7
ночь,7
мимо,7
иду,7
красотой,7
тени,7
глазах,7
будто,7
домой,7
книги,7
поэзию,7
мире,7
ко,7
1967,7
работы,7
м,7
солнечный,7
каждый,7
синь,7
голос,7
действительно,7
любовь,7
взял,7
речи,7
статьи,7
случайно,7
форме,7
наполнила,7
одного,7
строфы,7
должен,7
русском,7
красоте,7
“свободный,7
статья,7
пр,7
говорить,6
тех,6
этим,6
парня,6
надо,6
сказал,6
художественного,6
облака,6
цивилизации,6
нами,6
опять,6
крови,6
те,6
всем,6
хороший,6
почему,6
написал,6
настоящей,6
остались,6
золотые,6
второй,6
будущее,6
смотреть,6
начинают,6
лист,6
звезды,6
нур,6
лица,6
красоту,6
птицы,6
немного,6
никогда,6
ветер,6
потом,6
собой,6
делает,6
многие,6
друга,6
чувствую,6
гудение,6
сад,6
вокруг,6
тобой,6
моей,6
куда,6
таки,6
разных,6
бог,6
деревянном,6
да,6
начинает,6
ваших,6
миг,6
внимательно,6
пушкин,6
сразу,6
искусство,6
сколько,6
сердце,6
эстонского,6
60,6
говорила,6
делать,6
цикла,6
озеро,6
цветок,6
чего,6
мамы,6
работал,6
пока,6
радость,6
рукопись,6
сборник,6
виду,6
казалось,6
вечера,6
рублева,6
поэты,6
кроме,6
верлибру,6
литературной,6
строках,6
таких,6
волнуется,6
5,6
тут,6
паоло,6
первая,6
роль,6
написано,6
культуры,6
поэтическая,6
вообще,6
канонического,6
писателей,6
москве,6
поэзии”,6
студии,6
составитель,6
глуши,5
страшно,5
литературного,5
имени,5
поэтами,5
вверх,5
возле,5
эстония,5
вдаль,5
литературы,5
первых,5
годов,5
редко,5
разговор,5
конечно,5
увидел,5
последней,5
нравственное,5
здание,5
построено,5
вечности,5
небосвода,5
1962,5
амуре,5
утром,5
дверь,5
твои,5
хорошо,5
смотрю,5
девушек,5
утро,5
улице,5
несет,5
четыре,5
головы,5
стать,5
дыхание,5
ходит,5
городе,5
внутри,5
смотрит,5
двери,5
поют,5
стою,5
трудом,5
особенно,5
самого,5
вновь,5
запах,5
смысл,5
нести,5
музыки,5
столько,5
лицо,5
тот,5
ждет,5
умею,5
деле,5
видно,5
свои,5
нашей,5
комнате,5
работу,5
дело,5
теми,5
живет,5
мама,5
доме,5
вечером,5
еле,5
стены,5
взять,5
годовые,5
кольца,5
злобе,5
времени,5
играют,5
одна,5
молитва,5
медленно,5
наших,5
писать,5
слышит,5
богатство,5
забыл,5
конце,5
какая,5
хотел,5
девочка,5
ой,5
другой,5
нашего,5
вовсе,5
имя,5
самой,5
такое,5
профессор,5
открывает,5
языке,5
б,5
печи,5
этих,5
своему,5
“исчезаю,5
стороны,5
кому,5
“годовые,5
кольца”,5
приходит,5
6,5
стоите,5
моем,5
поэтики,5
девушке,5
живой,5
звучит,5
буквально,5
содержанию,5
условно,5
назвать,5
волоховой,5
видимо,5
находим,5
болтовней,5
толстый,5
волнения,5
образом,5
пять,5
возникает,5
стык,5
франчески,5
также,5
хорей,5
каноническом,5
читатель,5
матери,5
первый,5
бурич,5
чувство,5
газете,5
поэтический,5
хх,5
верлибра”,5
др,5
последний,5
литературы”,5
вячеслав,5
куприянов,5
1989,5
судьбы,4
1970,4
институт,4
обычно,4
знал,4
голову,4
века,4
прошли,4
превращается,4
довольно,4
будут,4
реки,4
видеть,4
музыка,4
солнечных,4
лучей,4
кончины,4
дрова,4
…,4
последнее,4
успел,4
предисловии,4
книге,4
1997,4
песке,4
необъятность,4
смирнов,4
комсомольск,4
пярну,4
весна,4
наши,4
ноги,4
сосет,4
луч,4
вниз,4
старой,4
женщина,4
руку,4
большие,4
темные,4
играет,4
разные,4
капельки,4
счастья,4
осенние,4
линии,4
темноту,4
рядом,4
пор,4
часто,4
сквозь,4
земля,4
моего,4
дня,4
рукой,4
встает,4
лежат,4
поэту,4
дома,4
детства,4
детей,4
письма,4
дали,4
1965,4
искал,4
мгновенна,4
улицах,4
подобно,4
вещи,4
наше,4
пыль,4
новые,4
пчел,4
наконец,4
струна,4
камни,4
вещей,4
камень,4
ключ,4
вечер,4
такая,4
саду,4
нее,4
книг,4
становятся,4
читать,4
прошел,4
белые,4
эстонию,4
вид,4
постепенно,4
далеко,4
пеленки,4
звезда,4
кончается,4
июльских,4
такого,4
купола,4
заботами,4
маленькое,4
капли,4
крупные,4
язык,4
душу,4
вероятно,4
рублевская,4
темных,4
говорят,4
вытекающими,4
маму,4
поле,4
нельзя,4
дерева,4
хотите,4
лето,4
прелесть,4
читал,4
ту,4
старом,4
твой,4
солнцем,4
стали,4
знаешь,4
ростки,4
знаем,4
бабка,4
тропы,4
слишком,4
двадцати,4
лесу,4
своем,4
зимнее,4
другу,4
клевер,4
сын,4
вопрос,4
старался,4
наверное,4
выше,4
начала,4
небе,4
однажды,4
сами,4
хочется,4
смех,4
весне”,4
каждая,4
песчинка,4
тесно,4
твоего,4
прогулки”,4
нежность,4
неизданные,4
улыбку,4
этой,4
передать,4
продолжают,4
последние,4
возникла,4
нелепо,4
1908,4
истории,4
волохова,4
данном,4
причины,4
условности,4
невольно,4
немало,4
уитмен,4
отличие,4
голосом,4
оказалось,4
пестрый,4
кот,4
ударных,4
гласных,4
слышим,4
пример,4
совсем,4
места,4
немножко,4
досадно,4
захотела,4
каким,4
находится,4
виде,4
заметил,4
помощью,4
интонации,4
котором,4
возможности,4
первой,4
место,4
целом,4
отсутствие,4
элементов,4
строка,4
рифма,4
метрические,4
п,4
весьма,4
одну,4
хотелось,4
всему,4
значение,4
доказательство,4
верлибристов,4
однако,4
своего,4
которое,4
верлибры,4
степени,4
читателем,4
например,4
связи,4
видит,4
ояр,4
вациетис,4
нравственного,4
арсений,4
находит,4
читателю,4
“а,4
напевность,4
прав,4
стремление,4
правда,4
сожалению,4
тяжело,4
культуре,4
писатель,4
тема,4
творчество,4
внутренний,4
языка,4
эстонии,4
мира”,4
антологию,4
лесах”,4
союза,4
смысле,4
бывает,4
аскетизм,4
верлибров,4
ю,4
можем,3
творчестве,3
судьбе,3
ком,3
горького,3
восхищение,3
великих,3
одним,3
трепет,3
долгие,3
просто,3
курс,3
городской,3
молодой,3
нечто,3
буреломами,3
разливами,3
рек,3
отколется,3
уплывет,3
тайны,3
ныне,3
дней,3
ясно,3
музыку,3
силу,3
нагорной,3
проповеди,3
нагорному,3
карабаху,3
91,3
густеет,3
свинец,3
самом,3
народ,3
тяжести,3
некогда,3
близких,3
дед,3
гроб,3
чердаке,3
маленьким,3
другое,3
незадолго,3
превозмогая,3
тщательно,3
расставил,3
сарае,3
узрит,3
лазурность,3
окном,3
спишь,3
следов,3
стучать,3
дверью,3
часы,3
лижу,3
значит,3
ливень,3
траве,3
поросенок,3
ногами,3
проснулся,3
водой,3
последняя,3
росы,3
ночи,3
голоса,3
вечерами,3
туфельки,3
бережно,3
неся,3
пух,3
уходит,3
слышу,3
безденежный,3
видят,3
безденежного,3
выходит,3
плывет,3
синий,3
дорогу,3
кармане,3
зале,3
сидят,3
голубой,3
коляске,3
тихих,3
высоко,3
очереди,3
похожи,3
памяти,3
отрывок,3
выйти,3
некий,3
собирает,3
мать,3
церкви,3
остался,3
личность,3
городские,3
соловьи,3
визжат,3
пронзительно,3
бегут,3
духа,3
будем,3
седой,3
древностью,3
спасет,3
соберет,3
соль,3
слез,3
золотую,3
улыбок,3
свинцовые,3
выходят,3
сидишь,3
гораздо,3
тоньше,3
заставляет,3
звенеть,3
затем,3
деревья,3
силы,3
фокус,3
небу,3
озабоченный,3
влюблен,3
смыть,3
сути,3
чисто,3
волосы,3
ними,3
взглядом,3
приглашу,3
назад,3
навсегда,3
весне,3
толпе,3
вместо,3
мог,3
странный,3
разве,3
аисты,3
зато,3
море,3
чудо,3
дорога,3
пустыре,3
возникают,3
спасибо,3
кончиков,3
пальцев,3
мерцает,3
дыханием,3
травах,3
золотое,3
облачко,3
добрый,3
живо,3
1990,3
толпой,3
работая,3
цепью,3
прикованы,3
перестройки,3
легка,3
лучик,3
осад,3
само,3
заслонили,3
дождя,3
света,3
хлеба,3
безмятежные,3
ребенка,3
сама,3
листвы,3
больнее,3
страна,3
кольчуга,3
дон,3
прямо,3
подлостей,3
предназначение,3
просвет,3
последствиями,3
могила,3
крепким,3
замком,3
примерно,3
самое,3
сеятель,3
сердцах,3
отнять,3
1996,3
та,3
роща,3
заботы,3
перебираю,3
красками,3
русски,3
раны,3
след,3
глядя,3
погасить,3
хрупкое,3
кресты,3
свет”,3
пречистая,3
елей,3
благодарю,3
70,3
кафе,3
маленького,3
длинная,3
высокий,3
стало,3
глубины,3
крыши,3
одинокая,3
милая,3
картофеля,3
ходим,3
вяжет,3
мальчик,3
взявшись,3
иначе,3
пяти,3
жду,3
снега,3
небом,3
создавать,3
великий,3
беречь,3
лес,3
лийв,3
некой,3
стране,3
окне,3
читая,3
темной,3
пели,3
сумерках,3
дороге,3
остается,3
знает,3
иглы,3
ответ,3
зря,3
взглянул,3
должны,3
днем,3
милый,3
песен,3
джонни,3
уж,3
захотелось,3
воды,3
странно,3
осенью,3
поля,3
воспоминание,3
девушка,3
придуманные,3
дороги,3
либо,3
пропасть,3
свету,3
береза,3
твоих,3
зубов,3
руках,3
жива,3
слава,3
нужна,3
плечо,3
сборника,3
“осенние,3
летит,3
придешь,3
разрывы,3
бомб,3
октябрь,3
“троица”,3
невидимой,3
малейшей,3
аромат,3
живых,3
скрипкой,3
нему,3
настолько,3
разным,3
смерти,3
резко,3
рифмы,3
всяких,3
отвлекающих,3
факторов,3
доверительной,3
беседы,3
доброта,3
казаться,3
лирик,3
подлинной,3
настоящему,3
имею,3
внимание,3
открыто,3
ароматом,3
воздуха,3
духов,3
звонким,3
присутствует,3
свидетельствует,3
лепится,3
подстерегая,3
целующихся,3
голубей,3
насколько,3
разительно,3
первом,3
согласных,3
выразительности,3
центра,3
1907,3
ею,3
дева,3
других,3
занятиям,3
вслух,3
макбета,3
действий,3
приходится,3
любил,3
эту,3
едва,3
гармония,3
раньше,3
существуют,3
нюансов,3
уровне,3
представляется,3
оба,3
придает,3
разговорной,3
рода,3
третьей,3
состоит,3
таким,3
вряд,3
количество,3
первые,3
откуда,3
менее,3
интонирования,3
отношении,3
всяком,3
рифму,3
одном,3
стоят,3
третья,3
особенность,3
организации,3
мороза…”,3
ямб,3
метрических,3
анапест,3
интонационной,3
инерции,3
типа,3
мере,3
видим,3
небольшой,3
исключительно,3
вторая,3
союз,3
называется,3
единство,3
любви,3
иль,3
цитата,3
направления,3
размышления,3
сближении,3
канонический,3
средства,3
энергия,3
видение,3
возникновения,3
евгения,3
“о,3
уместно,3
причин,3
поэтичности,3
область,3
высокого,3
является,3
иной,3
читателей,3
уитмена,3
чувствует,3
выражается,3
моральных,3
сентенций,3
призывов,3
высоту,3
помимо,3
содержит,3
речь,3
человеческой,3
карен,3
джангиров,3
влияние,3
миниатюра,3
природе,3
обнаженной,3
многое,3
свободы,3
взаимоотношения,3
метр,3
предмет,3
“очарованный,3
странник”,3
кризисе,3
причем,3
недавно,3
музее,3
литературном,3
связано,3
принципе,3
существует,3
давид,3
самойлов,3
“арион”,3
основном,3
журнале,3
“новом,3
мире”,3
передал,3
“антологию,3
напечатаны,3
е,3
понтюхова,3
“новый,3
мир”,3
русская,3
начал,3
русских,3
пушкину,3
получил,3
возможность,3
языки,3
лучшее,3
родился,3
рождения,3
композиции,3
библиотеках,3
работа,3
тетрадь,3
путь,3
небольшая,3
1972,3
дискуссия,3
“от,3
свободен,3
тарковский,3
творчества,3
“таллинские,3
камни”,3
считал,3
стихами,3
статьях,3
дар,3
жизнь”,3
“неугасимый,3
христианское,3
мироощущение,3
“ливень,3
“судьба,3
говорил,3
“когда,3
лучших,3
достоевский,3
идеала”,3
истины,3
“размышляя,3
верлибре”,3
“вопросы,3
стиха”,3
невидимая,3
скрипка,3
редакции,3
второе,2
редкость,2
ведет,2
выражения,2
божий,2
сказано,2
го,2
век,2
веком,2
холодные,2
дни,2
приехал,2
вступительные,2
экзамены,2
аспирантуру,2
никого,2
коридоров,2
прийти,2
которыми,2
весело,2
творческий,2
всей,2
смотрел,2
лице,2
мягкой,2
кафедру,2
перевода,2
глубоко,2
переводов,2
японской,2
новейшей,2
вопросы,2
национальности,2
природы,2
души,2
игра,2
смыслов,2
93,2
фальшь,2
родство,2
главном,2
сфинкс,2
выдюжишь,2
плечах,2
соломинки,2
лопнет,2
твое,2
терпение,2
остаться,2
лирические,2
сколотил,2
пахнущий,2
смолой,2
снопе,2
построил,2
верю,2
1964,2
огня,2
найдешь,2
снегом,2
забытая,2
любят,2
сокровище,2
стрекочут,2
встали,2
длинную,2
очередь,2
мороженое,2
нос,2
одуванчики,2
лужицы,2
пчела,2
стене,2
головой,2
стонет,2
третий,2
столе,2
женщины,2
носящие,2
прижаться,2
леса,2
улетела,2
протягивает,2
гудит,2
рук,2
уснули,2
сопки,2
звездный,2
песню,2
грибы,2
листва,2
солнечные,2
пальцами,2
трогают,2
слышат,2
шли,2
танцплощадку,2
перепрыгивая,2
канавы,2
ладонях,2
прогулки,2
листа,2
сладко,2
превращаться,2
птица,2
уплывать,2
грустные,2
дереве,2
ствол,2
падают,2
слышал,2
тяжелое,2
городу,2
дрожат,2
голубые,2
прядет,2
засыпает,2
поезд,2
заорал,2
ослик,2
туч,2
полна,2
такую,2
ткут,2
голосами,2
желтый,2
говорит,2
февраль,2
березе,2
цехе,2
никак,2
десять,2
рабочего,2
черные,2
метели,2
веки,2
кассы,2
щелочку,2
читальном,2
земные,2
соской,2
плывущие,2
наклонившись,2
стареньком,2
пальто,2
вермишелью,2
молодые,2
лицом,2
верные,2
мебель,2
весенние,2
трудиться,2
порой,2
посылать,2
1986,2
эскалаторе,2
вперед,2
вечность,2
мелочей,2
будущего,2
трамваи,2
тихим,2
углам,2
кристаллы,2
любящих,2
простоты,2
истокам,2
высокой,2
огромном,2
красивых,2
ими,2
улыбаются,2
вполне,2
вечеру,2
вспышке,2
созерцания,2
действия,2
ищут,2
могилы,2
сровняются,2
землей,2
помогаю,2
открывать,2
вечный,2
двигатель,2
метро,2
входят,2
видишь,2
поколения,2
связан,2
минуту,2
хлебом,2
неведомая,2
задета,2
прибываю,2
убываешь,2
мечты,2
веков,2
собраны,2
смутно,2
стипендия,2
город,2
пью,2
случай,2
подарок,2
плата,2
молодости,2
твою,2
удается,2
разделить,2
появляешься,2
наверно,2
естественность,2
далек,2
десятки,2
связей,2
порвались,2
делом,2
желанием,2
келью,2
полную,2
воробьи,2
листьям,2
углубляясь,2
декабря,2
исчезаю,2
лужах,2
синеве,2
ищите,2
ласточки,2
отчего,2
буду,2
рвется,2
запросто,2
обычай,2
незримый,2
плоти,2
поисках,2
добрые,2
посидев,2
коврах,2
моторы,2
вхожу,2
опаской,2
волны,2
доверяю,2
звуку,2
мечту,2
храню,2
дай,2
встретились,2
бездомная,2
собака,2
поводке,2
отрешенные,2
фигуры,2
гуляющих,2
собаками,2
псы,2
выволакивающие,2
суеты,2
скромный,2
вешая,2
балконе,2
останавливаешься,2
ошеломленный,2
мирозданием,2
ледниковый,2
мелькают,2
звонко,2
хохочет,2
поплыло,2
окна,2
засветлели,2
комнаты,2
крылечке,2
женушка,2
бабочкой,2
пес,2
звуки,2
современник,2
перекошенными,2
лицами,2
локтями,2
ринулись,2
приобщиться,2
каторжник,2
тачке,2
чудеса,2
бессловесные,2
рабы,2
мгновение,2
ока,2
превратились,2
крикливых,2
хамов,2
аж,2
накалилась,2
злобы,2
сиротливо,2
чернеют,2
крест,2
войну,2
сторону,2
кино,2
старушки,2
тело,2
страшнейшая,2
осада,2
перышко,2
пору,2
человеку,2
цивилизация,2
бойне,2
двое,2
собакой,2
увы,2
наполнен,2
осенней,2
осень,2
врезаются,2
змеи,2
ржавая,2
дает,2
упасть,2
отлучены,2
ценить,2
детишками,2
копать,2
устав,2
поднять,2
замереть,2
тучах,2
налетел,2
встречу,2
страшные,2
безмолвный,2
родом,2
бросает,2
цель,2
зерна,2
далекая,2
березовая,2
всю,2
спасала,2
светом,2
удалось,2
тиха,2
заглушенный,2
играющие,2
ожидания,2
неведомого,2
клен,2
знак,2
взглядов,2
пространство,2
солидность,2
сущности,2
превращаются,2
электричке,2
водопады,2
листьями,2
очиститься,2
цветущих,2
памятник,2
мечта,2
отчаянный,2
осины,2
оранжевый,2
воспоминания,2
кошка,2
сперва,2
обо,2
почувствовал,2
поздние,2
обезьяньи,2
выверты,2
именитых,2
бога,2
вспоминаю,2
синих,2
аллея,2
золотистых,2
берез,2
заморозков,2
цветке,2
душ,2
мечтал,2
часов,2
крутой,2
вал,2
зла,2
получить,2
грамм,2
чистого,2
далекий,2
божья,2
матерь,2
излей,2
небесный,2
гнойные,2
боже,2
залитый,2
пауль,2
эрик,2
руммо,2
посмотри,2
ликующего,2
жаворонка,2
напоминает,2
песней,2
вполголоса,2
солнцу,2
собаки,2
пусть,2
ars,2
solaris,2
виноград,2
бочки,2
опрокинулись,2
бурдюки,2
вино,2
кисти,2
холсты,2
вначале,2
“музыка,2
городка”,2
батискаф,2
помнит,2
солнц,2
задумали,2
подвале,2
боюсь,2
щепки,2
свободу,2
сих,2
носилках,2
везут,2
алым,2
разрешите,2
камне,2
подождем,2
трудная,2
непременно,2
котенок,2
девочкой,2
вижу,2
содержание,2
глубинный,2
соты,2
мед,2
жалят,2
бабочек,2
ответить,2
думая,2
лийве,2
треск,2
серыми,2
морозным,2
изнутри,2
вершиной,2
мифа,2
гордого,2
великого,2
валит,2
льда,2
едины,2
озере,2
мелькание,2
маленькой,2
неком,2
большом,2
маленьком,2
яан,2
каплинский,2
ду,2
фу,2
умел,2
играть,2
свирели,2
юноша,2
девушкой,2
сказали,2
полете,2
пела,2
сна,2
яблоки,2
дела,2
считанные,2
вчерашнего,2
кленах,2
следы,2
людях,2
надвигаются,2
внушить,2
другими,2
кое,2
голубыми,2
звездами,2
стынет,2
темнеет,2
автомобили,2
громадные,2
махонькие,2
тарту,2
начинается,2
парни,2
идешь,2
портфеле,2
черного,2
восемьдесят,2
судзуки,2
встал,2
ушел,2
улыбка,2
вийви,2
луйк,2
невнимательна,2
вчера,2
продавец,2
подул,2
ветерок,2
шмель,2
гляди,2
меди,2
тронь,2
любит,2
изотамм,2
завтра,2
тоомас,2
жила,2
любила,2
знала,2
принцессу,2
энн,2
ветемаа,2
бедная,2
бесконечность,2
руке,2
одиноко,2
прильнуть,2
теплой,2
дышит,2
печь,2
немножечко,2
вернуться,2
думаем,2
печальные,2
высокими,2
бедные,2
матс,2
траат,2
вивика,2
немецкий,2
ветры,2
учебник,2
березовые,2
бесконечно,2
лете,2
должно,2
мраморный,2
травы,2
сказка,2
придуманная,2
песенки,2
настоящие,2
застенчивость,2
кровати,2
путника,2
идем,2
любимой,2
александр,2
сууман,2
бледная,2
желтизна,2
ветром,2
грустью,2
грусть,2
белых,2
курлы,2
стояла,2
нарисовал,2
вошедшие,2
толкаюсь,2
сутолоке,2
площадей,2
вечно,2
шаг,2
понять,2
научился,2
узнавать,2
одиноких,2
клетка,2
молодым,2
обмакиваю,2
кисть,2
ну,2
счастливый,2
счастье,2
обе,2
троллейбусе,2
причиняем,2
другим,2
тополиный,2
сосен,2
покрываются,2
далеком,2
вьетнаме,2
уродством,2
лиц,2
зданий,2
рабочем,2
общежитии,2
сюда,2
уведу,2
вами,2
господи,2
беден,2
улыбки,2
магазине,2
моих,2
уходят,2
яблочка,2
собирая,2
беспричинная,2
разлита,2
фигурах,2
узнаю,2
ангелы,2
скрипки,2
дикой,2
поневоле,2
лилипуты,2
настоянный,2
наполнить,2
уезжаем,2
таинственно,2
наливаться,2
ближе,2
седину,2
разглядишь,2
березовый,2
облетевшая,2
смелым,2
будучи,2
тощего,2
кошелька,2
силой,2
видел,2
загорелые,2
яснее,2
всякой,2
зверя,2
написаны,2
гипсовой,2
маской,2
голым,2
черепом,2
равно,2
точке,2
глобуса,2
обитать,2
презирая,2
редки,2
легчайшее,2
дуновение,2
ветра,2
слышный,2
мужчина,2
вошел,2
морщины,2
долгих,2
странствий,2
возвратился,2
дышится,2
размышляя,2
февраля,2
блоку,2
наталья,2
эволюции,2
одновременно,2
явно,2
ярко,2
прихода,2
особенности,2
прибегает,2
стихотворной,2
музыкальной,2
помех,2
звучал,2
естественный,2
человеческий,2
атмосфера,2
думать,2
пятнадцать,2
юной,2
скобках,2
слышится,2
большая,2
самому,2
меньше,2
цветка,2
беспощадно,2
предельная,2
невозможно,2
художественной,2
задачи,2
человеческих,2
природа,2
сущность,2
вернее,2
другом,2
действительности,2
сложное,2
ощущается,2
подчеркнуто,2
большое,2
поверхность,2
несомненно,2
ряд,2
краю,2
заметить,2
отличаются,2
оо,2
аоо,2
про,2
кота,2
фраза,2
построена,2
большим,2
снежный,2
снежной,2
красоты,2
страсть,2
отзвуков,2
снежная,2
контексту,2
прочим,2
новой,2
встречи,2
раскрасневшаяся,2
неуважительной,2
уронила,2
пол,2
приход,2
поверхности,2
линия,2
лирический,2
труд,2
вторжением,2
полагать,2
естественная,2
нагляднее,2
таблицы,2
двумя,2
параллельными,2
столбцами,2
охотно,2
согласился,2
дойдя,2
пузырей,2
едином,2
действии,2
внешне,2
линий,2
коте,2
заряд,2
дальше,2
поэтического,2
первое,2
какими,2
иронию,2
иллюзию,2
задушевной,2
интонацию,2
лирической,2
различного,2
представляет,2
структуре,2
считать,2
обнаруживается,2
7,2
интонацией,2
волна,2
сверкающих,2
ниже,2
остановлюсь,2
строку,2
вносит,2
пауза,2
смысловом,2
смыслу,2
интонационный,2
смысловую,2
самым,2
остановиться,2
встречается,2
ударений,2
слога,2
обостряет,2
думается,2
некую,2
поддается,2
действие,2
некоторых,2
амфибрахий,2
внутренняя,2
другие,2
созвучий,2
шести,2
метрическим,2
размера,2
12,2
дактиль,2
16,2
17,2
зрения,2
метрической,2
т,2
роли,2
законам,2
поэтичность,2
шесть,2
размеры,2
бумагой,2
восклицает,2
строф,2
части,2
содержании,2
служит,2
последних,2
наряду,2
произведение,2
верлибровой,2
восприятие,2
голуби,2
упомянул,2
любить,2
нравственным,2
свидетельство,2
читают,2
неразделимы,2
тобою,2
мгла,2
застывающие,2
дымы,2
рифм,2
веселых,2
неоспоримое,2
превыше,2
неразрывность,2
месяц,2
теперь,2
развенчанная,2
тень,2
философское,2
стороне,2
вспышка,2
миром”,2
различных,2
чувств,2
занимает,2
художественная,2
система,2
образов,2
перестает,2
которым,2
существующего,2
жена,2
позже,2
конца,2
автора,2
получилось,2
внешней,2
прозе,2
регулярные,2
ритмы,2
столь,2
скорее,2
чаще,2
праздничности,2
метафор,2
ивана,2
передают,2
формой,2
стремится,2
отличительная,2
снимает,2
всякую,2
дистанцию,2
важно,2
песни,2
уолт,2
способна,2
поистине,2
уолта,2
понял,2
создает,2
энергии,2
самый,2
стихом,2
личности,2
“верлибр,2
идеала,2
явление,2
формы,2
явлений,2
писавший,2
четырех,2
дать,2
интересные,2
философские,2
миниатюры,2
авторов,2
роман,2
алексей,2
ольгин,2
олег,2
короткого,2
японских,2
хайку,2
танка,2
наша,2
короткий,2
форма,2
деталью,2
развития,2
интерес,2
современного,2
пласты,2
обладает,2
способностью,2
самые,2
существования,2
мгновенное,2
обжигающее,2
причастности,2
человечеству,2
взлетают,2
бомбардировщики,2
бетонной,2
заполнить,2
нравственный,2
сложная,2
необходимости,2
отменяются,2
видоизменяются,2
поднимаются,2
уровень,2
отказ,2
важнейших,2
формообразующих,2
музыкальная,2
компенсировать,2
повышенным,2
накалом,2
жестким,2
самоограничением,2
обладать,2
абсолютным,2
слухом,2
меры,2
изображения,2
сфера,2
преобладанием,2
внутренней,2
заметок,2
часть,2
живое,2
течение,2
истинную,2
точно,2
поэтическое,2
определение,2
важное,2
импульс,2
интервью,2
высокие,2
положение,2
концов,2
1000,2
разговоры,2
печататься,2
этими,2
пределы,2
традиционного,2
круга,2
хороших,2
настоящая,2
тютчева,2
малозаметно,2
временем,2
веке,2
отвечали,2
помочь,2
отделе,2
литконсультантом,2
молодыми,2
правило,2
печатали,2
авторам,2
подборка,2
составил,2
33,2
собрал,2
подборки,2
народов”,2
поэтам,2
ирония,2
относился,2
писали,2
эстонец,2
отделение,2
прибалтийских,2
периода,2
культура,2
какое,2
оказал,2
настольной,2
антон,2
переводчик,2
традиционно,2
…со,2
каждое,2
евангелию,2
евангелие,2
убеждает,2
круговорот,2
насилия,2
порочен,2
пытаться,2
преодолевать,2
таллине,2
сына,2
несмотря,2
юности,2
получал,2
премии,2
газеты,2
поступил,2
окончил,2
отличием,2
впоследствии,2
литинститута,2
написана,2
изд,2
московского,2
университета,2
1978г,2
пушкине,2
познакомились,2
вел,2
друзья,2
поразили,2
раза,2
двадцать,2
напечатать,2
“троицы”,2
позади,2
лаконизм,2
“больше,2
босую…”,2
письмо,2
арсения,2
тарковского,2
“вопросах,2
расул,2
рза,2
борис,2
слуцкий,2
1973,2
собственные,2
переводил,2
вошли,2
стихам,2
строго,2
лучшие,2
приводит,2
единства,2
говорю,2
собирать,2
“нового,2
ездил,2
большую,2
появляются,2
тряпкине,2
народов,2
вышла,2
составление,2
владимира,2
написанных,2
предисловие,2
“,2
обязательно,2
божьей,2
поддерживали,2
институте,2
рязанскую,2
село,2
былино,2
“какие,2
живые…”,2
рощи,2
бабушка,2
филатова,2
ф,2
“антологией,2
50,2
заведующий,2
кафедрой,2
появилась,2
антологии,2
издателя,2
включающая,2
полная,2
непосредственно,2
первую,2
премию,2
летия,2
победы,2
переводились,2
испанском,2
грузинском,2
литовском,2
сербо,2
периодов,2
живописность,2
“здесь,2
“личность,2
необычный,2
присущи,2
“как,2
дисгармонии,2
пару,2
приходят,2
распад,2
советского,2
“где,2
появляется,2
целый,2
цикл,2
времени”,2
окончательный,2
спор,2
потребительски,2
крещение,2
вело,2
природная,2
тяга,2
добру,2
“молитвенное,2
служение,2
внезапно,2
половины,2
ххвека,2
россию,2
преображение,2
“золотые,2
купола…”,2
трепетное,2
красок,2
дискуссии,2
“отталкиваясь,2
правде,2
истинности,2
свободной,2
естественной,2
ничем,2
скованной,2
интонации”,2
“гудение,2
“пасека”,2
улыбок…”,2
…”,2
особенное,2
вспомним,2
поэтов…”,2
“молодые,2
девушки”,2
“вешая,2
звезда”,2
сь,2
ру,2
постепенное,2
“у,2
некрасова,2
литературу,2
метсу,2
гоголя,2
считает,2
любуется,2
глухие”,2
духовной,2
“она,2
русскую,2
пушкин…,2
поэта”,2
“куда,2
прочитал,2
традиционной,2
пыльце”,2
вступление,2
мысли”,2
обращение,2
верлибриста,2
московский,2
обозрение”,2
“время,2
икс”,2
век”,2
журналах,2
”в,2
антология,2
италии,2
гладко”,2
проблемой,2
геннадия,2
вспомнить,2
вернемся,2
эстонских,2
ибо,2
фоне,2
“непечатный”,2
против,2
пафоса,2
понимание,2
“мы,2
“мне,2
бурича,2
бродский,2
№,2
астрономы,2
пугал,2
авторами,2
1978,2
развитием,2
осуществлением,2
индивидуалистических,2
тенденций,2
буржуазии”,2
переход,2
слогового,2
стихии,2
значимое,2
деавтоматизации,2
вывод,2
избранное,1
замечательно,1
пресловутых,1
подлинность,1
судеб,1
защиты,1
суд,1
предопределение,1
удивление,1
ноябрь,1
подумать,1
оказался,1
прошлым,1
сырые,1
москву,1
твери,1
калинина,1
таинственность,1
чудное,1
расположение,1
тверском,1
бульваре,1
цепь,1
былого,1
дум,1
сопряженная,1
пространством,1
внушали,1
ужас,1
случается,1
провинциалом,1
столице,1
прославленном,1
заведении,1
пугался,1
углов,1
аудиторий,1
обитателей,1
старших,1
младших,1
теней,1
населявших,1
сдавать,1
именитой,1
комиссией,1
страх,1
могло,1
отныне,1
треть,1
безраздельно,1
принадлежать,1
институту,1
молодых,1
проходил,1
испытания,1
вели,1
свободно,1
свойски,1
выпускниками,1
начинающими,1
прозаиками,1
переводчиками,1
критиками,1
литинститутовцами,1
происхождению,1
учебный,1
застолий,1
бесед,1
споров,1
особенной,1
невидимо,1
клубится,1
пределах,1
бывшей,1
усадьбы,1
адресом,1
тверской,1
бульвар,1
25,1
завидовал,1
снизу,1
несуетный,1
растерянно,1
деликатный,1
исполненный,1
печальной,1
скромности,1
привлекал,1
походке,1
повадках,1
угадывалась,1
скандинавско,1
прибалтийское,1
неторопливости,1
отдельности,1
живущий,1
моря,1
хозяин,1
хутора,1
мызы,1
пастор,1
сельской,1
кирхи,1
поступили,1
советской,1
влекли,1
занимался,1
основательно,1
почитают,1
классиком,1
чужеродное,1
годится,1
китайской,1
классической,1
европейской,1
лирики,1
вдаваться,1
досужие,1
цеховые,1
знакомства,1
божией,1
милостью,1
говаривали,1
старину,1
чистейшее,1
воплощение,1
хлебниковское,1
упал,1
падении,1
узрел,1
пеструю,1
восхитительность,1
власть,1
подробностей,1
целого,1
лёта,1
волшебное,1
изящество,1
изображении,1
состояния,1
соседствует,1
откровениями,1
мудреца,1
провидца,1
столкновение,1
узреть,1
кошмар,1
кровавое,1
наваждение,1
жестокость,1
долгое,1
аспирантуры,1
встречались,1
сохранялось,1
шел,1
невидимый,1
мысленный,1
водится,1
начинали,1
стареть,1
уставать,1
забот,1
бед,1
чуши,1
предчувствиях,1
многомиллионноголовый…,1
нынешние,1
развели,1
неизбежность,1
разрывов,1
окружала,1
изнуряла,1
радостно,1
чувствовать,1
родным,1
близким,1
смотря,1
умудрился,1
сохранив,1
ошеломляющую,1
наивность,1
обрели,1
твердую,1
содержательную,1
многоликость,1
экзистенциальные,1
пьесы,1
вещие,1
историософские,1
рисунок,1
прост,1
пронизывающая,1
поразительна,1
доказывать,1
вольном,1
просторе,1
милой,1
домашней,1
…вновь,1
понурив,1
стучится,1
бронзовую,1
резную,1
пылится,1
забытой,1
вдвоем,1
огромные,1
счастьем,1
взгляды,1
фехтуют,1
побеждаю,1
виноват,1
красивы,1
урчит,1
гармонь,1
макушка,1
пыльце,1
шуршит,1
рыжей,1
бегал,1
бледный,1
угасал,1
громкое,1
подпрыгивало,1
хохотало,1
хлопало,1
ладоши,1
вставай,1
соня,1
отстань,1
воскресенье,1
босую,1
рыжую,1
медный,1
таз,1
пропахла,1
синим,1
простором,1
веслами,1
протекающей,1
лодкой,1
круглая,1
прозрачная,1
антоновка,1
счастливы,1
шершавой,1
травинки,1
шумят,1
дремучие,1
бродят,1
путешественники,1
муравьи,1
капля,1
учусь,1
глазами,1
кондуктор,1
нищий,1
копейкой,1
столовая,1
самообслуживания,1
перегородках,1
гудок,1
голова,1
росинки,1
отражают,1
пахнут,1
будущие,1
лучи,1
перебирают,1
трепещешь,1
прикосновений,1
ранить,1
звуком,1
баяна,1
уголким,1
желтого,1
легким,1
ненаписанный,1
светлые,1
орнаменты,1
пятна,1
прилетает,1
жар,1
сплю,1
увидит,1
смеется,1
костюмом,1
чарли,1
чаплина,1
вернусь,1
разложу,1
живу,1
чудище,1
аленького,1
цветочка,1
тепло,1
покойник,1
опускается,1
корни,1
тепла,1
спина,1
сырости,1
открыл,1
нашел,1
пьяного,1
лежал,1
труп,1
остроносых,1
ботинках,1
рвота,1
мясо,1
кеты,1
открываю,1
парень,1
сон,1
туманные,1
морозе,1
безрукий,1
безногий,1
безглазый,1
зажигаются,1
огни,1
помогает,1
котенка,1
снежинки,1
летят,1
тихонько,1
ступать,1
серебристые,1
елочки,1
стекле,1
луна,1
звона,1
распускаются,1
ледяные,1
розы,1
звонкую,1
пряжу,1
песня,1
замирает,1
чьи,1
шаги,1
приближаются,1
заманивают,1
поет,1
упрекает,1
мыслях,1
металла,1
солидола,1
ругани,1
встают,1
гриновские,1
обнять,1
превращений,1
спрашивает,1
желаниях,1
железной,1
поднимаю,1
постели,1
слипаются,1
заносит,1
заводскую,1
непрерывно,1
ищет,1
узенькую,1
живем,1
луне,1
деньги,1
кислород,1
отпущенный,1
баллонах,1
чулках,1
футляры,1
скрипок,1
боку,1
отражаются,1
почитательницы,1
стыдно,1
стоял,1
эстраде,1
принц,1
ест,1
получаются,1
жены,1
хозяйственные,1
сумки,1
дочери,1
ручейки,1
полол,1
перчатках,1
меха,1
крота,1
положил,1
щеку,1
эрны,1
улыбаться,1
замуж,1
рожать,1
превратиться,1
снова,1
таится,1
упорный,1
ищу,1
соленый,1
кедров,1
выросших,1
городских,1
камней,1
бледных,1
перехватило,1
изысканных,1
нарядах,1
глядели,1
очарованные,1
возьму,1
бледнее,1
глядят,1
сосредоточенные,1
свободные,1
изобразят,1
мозаиках,1
сходим,1
лестницы,1
становимся,1
людьми,1
магазины,1
кастрюли,1
хожу,1
марсианин,1
памятников,1
непонятной,1
поставленной,1
наспех,1
потребностей,1
садовник,1
полнеет,1
задыхается,1
запутанную,1
поиски,1
одиночества,1
слушать,1
гудишь,1
орган,1
любуюсь,1
устали,1
счастлив,1
замечаю,1
магния,1
тормоза,1
светофоры,1
футболисты,1
мячом,1
тоскуем,1
неполноты,1
разделенном,1
изобретен,1
вагон,1
кольцевой,1
древний,1
мудрец,1
усмехаясь,1
бороду,1
исчезают,1
горько,1
тридцати,1
годам,1
растет,1
хлеб,1
завод,1
рождаются,1
хрупкую,1
оболочку,1
любую,1
порваться,1
мигом,1
обходят,1
задумываюсь,1
туманности,1
андромеды,1
бедность,1
молчишь,1
испуганные,1
песочные,1
таллиннские,1
безымянным,1
строителям,1
олевисте,1
ходят,1
гулко,1
молчат,1
стоны,1
замурованы,1
кляп,1
рту,1
свободны,1
творил,1
уйти,1
плена,1
острые,1
шпили,1
подымались,1
предчувствуя,1
стройность,1
ракет,1
горючего,1
сводами,1
прозвучал,1
хорал,1
честно,1
перешедшие,1
приказала,1
эпоха,1
взад,1
половице,1
запер,1
спешу,1
истратить,1
передо,1
волшебный,1
край,1
возможного,1
огнях,1
ладони,1
копейки,1
газировку,1
ты…,1
ожидание,1
простых,1
горят,1
рябина,1
осеннем,1
мчимся,1
открываем,1
настоящих,1
друзей,1
добраться,1
твоей,1
обыденной,1
глубоком,1
раздумье,1
прекрасна,1
распускаешь,1
исчезаешь,1
ускользаешь,1
мужчине,1
доступа,1
заклинаешь,1
исполнением,1
бумаге,1
произошло,1
чирикают,1
подошве,1
лужам,1
туннели,1
собранней,1
боятся,1
хорошо…,1
проводах,1
балконах,1
маляры,1
штукатурщицы,1
заглядывают,1
поздно,1
просыпаюсь,1
окружен,1
книгами,1
часами,1
водителем,1
троллейбуса,1
названий,1
остановок,1
старый,1
рембрандт,1
подозревает,1
подкладка,1
жить,1
присваивать,1
имена,1
номера,1
уйду,1
найдут,1
разъяренный,1
зверь,1
рычит,1
темноте,1
ночных,1
аэродромов,1
требует,1
властно,1
нервов,1
забрел,1
помине,1
узбека,1
снимают,1
ботинки,1
вонь,1
наподобие,1
удушливого,1
газа,1
роз,1
центральном,1
базаре,1
бухарские,1
базаром,1
чайханой,1
чай,1
потянув,1
пиалу,1
пиалой,1
побежишь,1
изобретать,1
ракету,1
погрузишься,1
дремоту,1
невзначай,1
прикоснешься,1
собранные,1
отличить,1
уголовника,1
вдалеке,1
подхватывают,1
чистейшему,1
судьбу,1
устаю,1
единственной,1
тролейбусы,1
кони,1
спят,1
ногах,1
уединенная,1
улочка,1
сновидений,1
троллейбусов,1
уголках,1
приноравливается,1
ходьбе,1
невидимом,1
отворачивается,1
отстает,1
важничал,1
незаметный,1
лежа,1
гробу,1
согбенного,1
обнаружился,1
орлиный,1
профиль,1
схожий,1
чеканят,1
монетах,1
опрокинутом,1
бинокле,1
возвращается,1
холодную,1
привычно,1
пошарив,1
пустом,1
почтовом,1
ящике,1
скажи,1
растопить,1
айсберги,1
малыш,1
заполняющих,1
площади,1
каждого,1
оконными,1
рамами,1
бьется,1
слопают,1
бульдожью,1
хватку,1
вывожу,1
гулять,1
грациозно,1
поднимает,1
лапу,1
скрипач,1
смычок,1
польются,1
дивно,1
полнокровный,1
зубаст,1
мордаст,1
клыкаст,1
крапива,1
прожжет,1
насквозь,1
младенчески,1
невинна,1
алчной,1
сатанинской,1
бессмертной,1
злобой,1
людской,1
ребра,1
колокольне,1
покосившийся,1
внизу,1
чередом,1
мальчишки,1
пастух,1
матюгаясь,1
щелкает,1
кнутом,1
бабы,1
мешками,1
спешат,1
сельмаг,1
скособоченной,1
другую,1
доске,1
объявлений,1
афиша,1
интердевочка,1
клещ,1
впивается,1
кровь,1
другая,1
весела,1
нищеты,1
гнилые,1
нити,1
рвутся,1
шрапнель,1
прогнило,1
порвется,1
сил,1
противиться,1
злу,1
защитить,1
малых,1
милую,1
жену,1
спускается,1
потемневших,1
ветвях,1
яблони,1
затяжных,1
дождей,1
краюха,1
кружка,1
молока,1
светлый,1
читаю,1
дельвига,1
чистые,1
поцелуй,1
многомиллионноголовый,1
возведенная,1
липкой,1
предсмертных,1
хрипах,1
животных,1
скатывается,1
ружьями,1
начали,1
приближаться,1
каково,1
диким,1
уткам,1
живые,1
таинственный,1
чертеж,1
племя,1
человеческое,1
забыло,1
золотым,1
отсветом,1
невдалеке,1
храма,1
тоненькие,1
свечи,1
загорелись,1
полем,1
бесконечных,1
очередей,1
лаокоона,1
обвили,1
давят,1
горло,1
кихота,1
держаться,1
усталости,1
вихрь,1
осыпал,1
метелью,1
листопада,1
тютчев,1
спасся,1
прикинулся,1
границы,1
сигналы,1
космос,1
существующим,1
братьям,1
разуму,1
род,1
цветет,1
быстро,1
семя,1
размашисто,1
шагает,1
соли,1
хлебное,1
зарастает,1
бурьяном,1
буйствует,1
чертополох,1
молитву,1
улыбнуться,1
земляника,1
покажется,1
зиму,1
увидеться,1
гербовые,1
дерпт,1
языкову,1
радуги,1
натянута,1
басок,1
шмеля,1
началом,1
разговора,1
освободил,1
упавшего,1
благодарности,1
выпрямившись,1
укрыл,1
посторонних,1
искривлены,1
коммунальной,1
квартире,1
замечаешь,1
выходишь,1
примерка,1
гроба,1
называются,1
ягоды,1
узнал,1
эстонски,1
умерла,1
роботов,1
выдает,1
серый,1
металлический,1
блеск,1
пестрой,1
цыган,1
крику,1
вольер,1
попугаями,1
какаду,1
пишутся,1
воздухе,1
шестом,1
этаже,1
греют,1
карие,1
статные,1
сыновья,1
переросли,1
горбатая,1
злоба,1
копошится,1
коридора,1
обрушивает,1
живительного,1
зеленого,1
лечит,1
огромными,1
блюдца,1
подорожника,1
помолодеть,1
душой,1
розовой,1
пене,1
яблонь,1
уютная,1
домашняя,1
зелень,1
бронзы,1
слилась,1
лепетом,1
бульваров,1
рощ,1
неизъяснимую,1
находишь,1
серой,1
пелене,1
приглушенное,1
мерцание,1
жемчуг,1
средней,1
полосы,1
строчки,1
летучий,1
острого,1
ногтя,1
листьев,1
эолова,1
арфа,1
лесов,1
нечаянно,1
запутался,1
ресницах,1
отъездом,1
утопил,1
мешке,1
нашу,1
кошку,1
мурку,1
чувствовал,1
ответе,1
мыкалась,1
голодная,1
вернулся,1
дрожали,1
учила,1
купания,1
надевай,1
теплую,1
майку,1
трусы,1
простудишься,1
продолжает,1
заботиться,1
принесла,1
сада,1
поставила,1
стол,1
ранимее,1
попросил,1
унести,1
молю,1
даровал,1
достойную,1
старость,1
глаз,1
причиняет,1
рвать,1
паутину,1
опутавшую,1
лесной,1
тропинке…,1
светится,1
спряталось,1
шиповника,1
заблестела,1
слеза,1
лукавый,1
растворитель,1
настежь,1
пророком,1
побивают,1
каменьями,1
подземном,1
переходе,1
старушка,1
протянутой,1
оцепенев,1
живым,1
изваянием,1
горя,1
волнолом,1
сижу,1
столом,1
зажглись,1
утреннем,1
ослепляя,1
сиянием,1
отблеск,1
божественного,1
сияния,1
горе,1
открылось,1
избранникам,1
царства,1
небесного,1
просияло,1
одежды,1
сделались,1
белыми,1
великой,1
шевелится,1
губ,1
отчаянии,1
услышит,1
нотный,1
линиях,1
держится,1
крылья,1
неподвижны,1
мимолетна,1
морю,1
вечное,1
прозрачна,1
окну,1
видны,1
открываюсь,1
пороге,1
преогромное,1
глупая,1
старцу,1
умные,1
городка,1
поднимет,1
остановится,1
виляя,1
хвостом,1
такси,1
тополиной,1
аллее,1
держась,1
поводок,1
телеграфный,1
столб,1
опрокинулось,1
опрокинулся,1
луженные,1
глотки,1
вином,1
живописцами,1
неожиданность,1
живописцы,1
смешивали,1
самих,1
похлестче,1
палитры,1
кистями,1
палитрами,1
пошли,1
каруселью,1
превратился,1
забудьте,1
чудеснейшей,1
перегонки,1
брызжет,1
фонтаном,1
серое,1
вещество,1
трехмиллиардного,1
человечества,1
чокнулись,1
рембрант,1
шедевр,1
наполняет,1
хрустальный,1
бокал,1
p,1
s,1
привет,1
саскии,1
окунувшийся,1
невиданные,1
длинным,1
шлангом,1
дыма,1
стогны,1
древнего,1
атлантида,1
диоскурия,1
замки,1
захлебнулись,1
волнах,1
колокола,1
умолкли,1
эхо,1
чутко,1
звоне,1
ветренному,1
веры,1
обросли,1
кораллами,1
рыбы,1
прогуливаются,1
вдоль,1
тротуаров,1
переговариваясь,1
оживленно,1
морские,1
коньки,1
скачут,1
топота,1
уединившись,1
больная,1
раковина,1
вынашивает,1
жемчужину,1
невероятное,1
обилие,1
свете,1
миллиона,1
иглокожих,1
течет,1
подводная,1
дым,1
пуповина,1
петля,1
шее,1
вьющаяся,1
призывно,1
тугая,1
нашем,1
скоро,1
бледные,1
пики,1
пробьют,1
этажи,1
разрежут,1
провода,1
сетки,1
базар,1
овощам,1
потревожат,1
сны,1
пыльных,1
игрушек,1
черепичной,1
крыше,1
разбушуются,1
антеннами,1
знаменем,1
подпольные,1
истекающее,1
кровью,1
посидим,1
лучшего,1
операция,1
можете,1
беспокоиться,1
поднимется,1
верим,1
таки…,1
играя,1
разматывает,1
клубок,1
полу,1
разматываются,1
лесные,1
застланные,1
сосновыми,1
иглами,1
грибные,1
тихие,1
муравьиные,1
тайные,1
ежей,1
стволам,1
смолистым,1
бревенчатым,1
стенам,1
молниями,1
белки,1
снуют,1
…котенок,1
белка,1
муравей,1
ежом,1
руки…,1
дремлет,1
очнется,1
кричит,1
вдогонку,1
заходите,1
смыкаю,1
наяву,1
рассказал,1
пасечник,1
ульях,1
сгоревших,1
дотла,1
действительный,1
сгоревшие,1
ульи,1
прояснилось,1
проясняется,1
подтекст,1
образы,1
раскаленные,1
добела,1
грабли,1
испепеляющие,1
веюреск,1
огненная,1
пила,1
разьяренными,1
зубьями,1
искромсанные,1
горит,1
загорается,1
обезумевшие,1
пчелы,1
погибают,1
порхание,1
серых,1
пепла,1
дальних,1
лугов,1
вернется,1
разведчик,1
важную,1
весть,1
танцевать,1
найдены,1
небывалые,1
замешательстве,1
зная,1
станцевать,1
случилось,1
спросит,1
юхане,1
падение,1
хлопьев,1
таяние,1
медленное,1
оледенение,1
решетками,1
осин,1
выдержало,1
ого,1
петушок,1
стучит,1
скорлупу,1
выпячивает,1
грудь,1
муж,1
телевышкой,1
болоте,1
горной,1
низинах,1
скучной,1
будничной,1
череды,1
заклинаю,1
давайте,1
миф,1
гордый,1
озябшее,1
хлопьями,1
старающееся,1
беречься,1
ото,1
единственном,1
зеркале,1
озером,1
сердцевина,1
крышка,1
молчаливым,1
траурному,1
белым,1
юхан,1
1864,1
1913,1
крупнейший,1
эстонский,1
холода,1
телеэкранов,1
поделаешь,1
сажа,1
труб,1
садится,1
летнее,1
захлопнувшихся,1
холодильников,1
здравствуй,1
персики,1
изнемогали,1
цвету,1
обрывок,1
мелодии,1
лепесток,1
крик,1
обезьян,1
рекой,1
бабочка,1
реку,1
погибла,1
старик,1
греб,1
ладье,1
отражение,1
гребли,1
заглянули,1
тысячи,1
видели,1
белую,1
бабочку,1
“песенки,1
осеней”,1
багрового,1
берега,1
верхушками,1
кузнечики,1
лилась,1
песнь,1
нахлынувших,1
почудилось,1
могла,1
нескошенную,1
траву,1
нежась,1
песках,1
заметило,1
удалились,1
останусь,1
ради,1
идущим,1
несть,1
числа,1
останавливаются,1
остающихся,1
постелешь,1
будешь,1
втоптан,1
подошвами,1
завтрашних,1
путников”,1
размышляла,1
казаритса,1
колышусь,1
спелым,1
ячменем,1
осталось,1
утомленных,1
багровые,1
яблоко,1
яблоню,1
пескам,1
скалы,1
хвалу,1
заре,1
ящерицы,1
ныряют,1
дюнах,1
убегают,1
наедине,1
разваливаются,1
набегающих,1
ветров,1
берегов,1
спрашивают,1
скажу,1
белого,1
клевера,1
кости,1
оловянные,1
стирает,1
соснах,1
стебелек,1
трилистник,1
святой,1
сыпучие,1
треплет,1
кору,1
алое,1
зеленое,1
закрыв,1
стоишь,1
32,1
автобусе,1
трясущемся,1
мост,1
выйду,1
накрепко,1
стиснутый,1
жителями,1
заречья,1
мешок,1
наполненный,1
горохом,1
дремала,1
рыжая,1
золотились,1
пыльцы,1
взглянуть,1
очках,1
старая,1
баня,1
субботняя,1
лунным,1
залита,1
оледеневшая,1
метла,1
крыльца,1
приводят,1
садика,1
невиданно,1
разросся,1
здания,1
множество,1
люльке,1
платке,1
спине,1
вырастали,1
голов,1
огненной,1
утлых,1
лодчонках,1
студеном,1
варшавы,1
идущие,1
газовые,1
камеры,1
завьюженных,1
вырастает,1
быстрее,1
спрашиваете,1
отвечать,1
простите,1
солжем,1
лгали,1
махонькое,1
ездят,1
тяжелые,1
кулаками,1
дробят,1
зубы,1
самолеты,1
покоя,1
завьженная,1
вопросов,1
зимним,1
солнцеворота,1
упавший,1
зашло,1
буханка,1
бумага,1
первоначальной,1
белизны,1
улыбается,1
разом,1
преобразить,1
бесповоротно,1
насовсем,1
выпал,1
чайки,1
зябли,1
чибис,1
погиб,1
увлеклась,1
желтой,1
королевском,1
звонких,1
монет,1
сулит,1
снегопад,1
побывал,1
каждом,1
львиного,1
зева,1
позеленевшей,1
удивительную,1
обитель,1
меда,1
мха,1
тишина,1
говори,1
идущих,1
снежинок,1
бившийся,1
лбом,1
стену,1
брови,1
расквасивший,1
прохлаждающийся,1
спину,1
почесывающий,1
восседающий,1
верхотуре,1
важный,1
отвратительный,1
жирный,1
давным,1
принцесса,1
принцессы,1
едят,1
прекрасный,1
превратилась,1
весной,1
растаяла,1
искать,1
бегущие,1
вспоминаешь,1
странную,1
тоскуешь,1
озябнув,1
краем,1
галактики,1
ванильным,1
крендельком,1
вихрастого,1
мальчугана,1
таинственной,1
ласково,1
ним,1
прекрасные,1
детские,1
думы,1
птицах,1
холодном,1
ночном,1
темно,1
синем,1
бескрайнем,1
трубами,1
птиц,1
посиневшие,1
пальцы,1
беспечные,1
“харалаские,1
жизнеописания”,1
ждали,1
солдат,1
ногой,1
ударил,1
рванулась,1
положили,1
сырую,1
мрачную,1
люльку,1
знаете,1
пахнет,1
качели,1
скрипят,1
знаете…,1
возьмите,1
шпиль,1
залитые,1
каменистые,1
ивовые,1
ветви,1
розги,1
угасающих,1
алую,1
полоску,1
зари,1
получите,1
историю,1
умалишенный,1
полосатой,1
рубахе,1
доказать,1
другого,1
молчу,1
заря,1
прикасается,1
лбу,1
гребнем,1
расчесывает,1
вихры,1
встаю,1
лестнице,1
кличет,1
будь,1
сорвал,1
подарил,1
каменный,1
прекрасной,1
продавщице,1
нахлынувший,1
неуловимый,1
придуманном,1
домике,1
варила,1
кушанья,1
вязала,1
варежки,1
напевала,1
придуманному,1
милому,1
придуманный,1
пал,1
придуманной,1
войне,1
выплакала,1
концом,1
скотине,1
ломоте,1
костях,1
старухи,1
судачят,1
уныло,1
напролет,1
плачет,1
воспоминаний,1
канул,1
сеновал,1
девичества,1
папортник,1
расцвел,1
землистое,1
озабоченное,1
пламя,1
тлеет,1
узнают,1
кидают,1
горсть,1
стоим,1
развилки,1
дорог,1
ведут,1
залитую,1
долину,1
долине,1
затаенная,1
дне,1
пропасти,1
рассеяны,1
котомке,1
краюху,1
записку,1
развевает,1
грустно…,1
бледную,1
желтизну,1
развеваемые,1
каждым,1
мазком,1
удаляюсь,1
пришло,1
беспокойство,1
полотне,1
зашелестела,1
развеваемыми,1
исходит,1
полотна,1
сильна,1
доставляет,1
ландышей,1
перезвон,1
орешником,1
елями…,1
кружит,1
осторожно,1
низкого,1
рябиной,1
биби,1
уместилось,1
лесом,1
солнышко,1
спускаюсь,1
переходы,1
езжу,1
троллейбусах,1
пятам,1
отставая,1
боли,1
жажду,1
отделиться,1
углубленно,1
слушая,1
грустную,1
забываясь,1
затаенной,1
мечте,1
спохватившись,1
оглядываются,1
выдали,1
греться,1
солнышке,1
неприступные,1
крепости,1
всякий,1
ведает,1
смятения,1
стенами,1
ожиданием,1
чуда,1
грустно,1
случится,1
оно…,1
вечерам,1
остаемся,1
одни,1
лампа,1
чернеющие,1
углы,1
исчезли,1
призраки,1
делали,1
надменным,1
кирпичом,1
дворца,1
презирал,1
жалкий,1
люд,1
копошащийся,1
мастерских,1
шумный,1
трепетала,1
птаха,1
белом,1
слоне,1
туче,1
величественно,1
покачивался,1
царь,1
властителю,1
вселенной,1
всемогущему,1
сыну,1
крепки,1
топоры,1
остры,1
сладки,1
густые,1
краски,1
зимние,1
настольную,1
лампу,1
умную,1
далекого,1
тянуть,1
рушится,1
облик,1
избранника,1
покамест,1
маячит,1
звуках,1
губы,1
медлю,1
скажешь,1
тропой,1
беды,1
уносит,1
затоптаны,1
дорожки,1
оледеневшими,1
стеклами,1
трем,1
рукавицей,1
растапливаем,1
крохотную,1
вручаем,1
входящим,1
морозы,1
безразличны,1
солидного,1
учреждения,1
опасно,1
машинистка,1
забыться,1
вспомнив,1
молодость,1
перестать,1
начальник,1
загрустить,1
черте,1
копотью,1
черт,1
дышим,1
ресницы,1
черной,1
краской…,1
буря,1
гром,1
землятрясение,1
лужи,1
листопад,1
золотыми,1
рыбками,1
черным,1
углем,1
аукнутся,1
история,1
движется,1
заглядывает,1
серые,1
бутылка,1
проще,1
ощупывают,1
руками,1
неисчерпаемые,1
мускулы,1
рубашкой,1
1963,1
добывать,1
невест,1
прочитав,1
спать,1
нечем,1
делаю,1
умирает,1
предпраздничное,1
настроение,1
гений,1
добычи,1
снует,1
возбужденно,1
туда,1
выбросили,1
заграничное,1
подбитые,1
лапками,1
1993,1
“поэзия”,1
книжку,1
взяли,1
торгуют,1
унитазами,1
намного,1
доходнее…,1
корежат,1
лень,1
прошу,1
прими,1
болячки,1
вылечи,1
сражаюсь,1
крапивой,1
палка,1
рапира,1
гамлета,1
переношу,1
сарай,1
пахучие,1
похожие,1
свежим,1
медом,1
застыть…,1
поезда,1
спрятала,1
свитерком,1
лукаво,1
улыбнулась,1
обретаешь,1
волю,1
певучести,1
шеи,1
милых,1
завитков,1
старинной,1
смешной,1
лампы,1
угрюмого,1
стола,1
мурлычут,1
ласке,1
подставив,1
пущенный,1
рогатки,1
хулигана,1
просвистел,1
полчаса,1
старуха,1
соседка,1
шушукалась,1
шпаной,1
осколок,1
пролетел,1
заглядываешь,1
пристально,1
затаился,1
грядущий,1
“хунвэйбин”,1
опутали,1
гулливера,1
попытке,1
освободиться,1
веревки,1
туже,1
врезались,1
…это,1
думал,1
лекарственной,1
ромашки,1
ветки,1
наклоняются,1
вишен,1
оторвался,1
статуя,1
белеет,1
опушке,1
осторожным,1
невозможным,1
получается,1
сверхмощного,1
насоса,1
вытягиваются,1
гроши,1
чью,1
гигантскую,1
мошну,1
скуп,1
воочию,1
молчаливая,1
добротность,1
превращалась,1
доброту,1
ослепительно,1
синие,1
летом,1
нечисти,1
лезет,1
извне,1
несешь,1
иосифу,1
бродскому,1
садятся,1
обедать,1
голодных,1
витают,1
сиротливостью,1
веет,1
прозрачной,1
кроне,1
желтые,1
мазки,1
невидимого,1
художника,1
минуты…,1
осенний,1
никуда,1
торопишься,1
бесконечный,1
шелестящий,1
лепет,1
леденящем,1
холоде,1
вспыхнуть,1
разгореться,1
остатка,1
пламенем,1
куст,1
шелест,1
гул,1
прибоя,1
гастроном,1
щемящая,1
жалость,1
выглядел,1
прилавков,1
толкотни,1
застыли,1
рта,1
остатки,1
добродушной,1
глубокой,1
скорби…,1
час,1
александру,1
приходили,1
гостьи,1
гимназистка,1
елизавета,1
пиленко,1
будущая,1
поэтесса,1
кузьмина,1
караваева,1
монахиня,1
мария,1
актриса,1
посвятил,1
знаменитейшие,1
классические,1
несхожие,1
относятся,1
этапам,1
экспериментальные,1
блоковски,1
гениальные,1
интересует,1
проявились,1
свободному,1
стиху,1
обращенном,1
пятнадцатилетней,1
влюбленной,1
заблудившейся,1
лабиринтах,1
заимствованной,1
скорби,1
книжных,1
трагедий,1
размышлений,1
настоящую,1
отталкивающейся,1
отказываясь,1
метра,1
напевности,1
добивается,1
говорите,1
печальном,1
размышляйте,1
концах,1
началах,1
смею,1
влюбились,1
простого,1
рифмованные,1
нерифмованные,1
мудрого,1
благородного,1
отчетливо,1
нюансах,1
переливах,1
подслушал,1
собеседницей,1
замечу,1
голосе,1
прячет,1
навязчивым,1
тон,1
лишен,1
наставительности,1
нужен,1
накопилось,1
литературных,1
ядов”,1
признается,1
сочинитель,1
называющий,1
отнимающий,1
живого,1
везде,1
правдив,1
отношению,1
искренность,1
важнейшей,1
гранью,1
решение,1
главной,1
порвать,1
фальшью,1
искусственностью,1
возвратиться,1
естественности,1
иерархии,1
ценностей,1
завесы,1
литературности,1
прорваться,1
суть,1
полвека,1
знаменитым,1
образцы,1
образцом,1
служили,1
ухоженные,1
цветники,1
цветников,1
предостаточно,1
букву,1
божественную,1
разговору,1
замечательном,1
приступаю,1
робостью,1
простое,1
многопла­новое,1
полифоническое,1
непринужденно,1
неуловимо,1
логическому,1
разбору,1
ухватиться,1
выводы,1
дисгармоничного,1
уделяет,1
гармоническому,1
началу,1
явной,1
подспудной,1
проявляющейся,1
исподволь,1
эпизодически,1
прорывается,1
прозаическое,1
громоздких,1
малопоэтичными,1
деталями,1
концентрированно,1
выразилось,1
глубоким,1
знатоком,1
отрывка,1
верится,1
взяты,1
восхищением,1
тончайшее,1
благозвучие,1
поддерживается,1
протяжным,1
сквозным,1
подстерегающего,1
синтаксически,1
использованием,1
деепричастия,1
причастия,1
настоящего,1
вводного,1
подходящих,1
полюса,1
гармоническим,1
прозаическим,1
противоборство,1
отталкивание,1
притягивание,1
взаимопроникновение,1
капле,1
отразилась,1
сложность,1
двойственность,1
отношения,1
наталье,1
драматической,1
актрисе,1
театра,1
комиссаржевской,1
пережил,1
бурное,1
увлечение,1
обладала,1
обаянием,1
властной,1
вле­кущей,1
неудержимо,1
увлекала,1
миллионы,1
бездн,1
костер,1
маски,1
разу,1
согревала,1
леденела,1
остыло,1
жалобы,1
проскальзывает,1
мотив,1
змеиности,1
некоторое,1
возобновилась,1
провел,1
безумный,1
шлейфа,1
цикле,1
заклятие,1
огнем,1
мраком,1
оставила,1
глубокий,1
переполненной,1
прошлого,1
приведу,1
простейший,1
заката,1
ассоциативное,1
ряда,1
определенное,1
ключевое,1
приобщается,1
рассматриваемого,1
емким,1
названных,1
закрутили,1
ум,1
распяли,1
кресте,1
ноября,1
месяца,1
внутреннее,1
состояние,1
таково,1
впечатления,1
преломились,1
поэтику,1
увидим,1
привело,1
существенные,1
видении,1
роковая,1
маски”,1
условная,1
вихрей,1
северная,1
дочь,1
живая,1
красивая,1
самоуверенная,1
взбалмошная,1
комета,1
ворвалась,1
рабочий,1
кабинет,1
немедленно,1
сравнить,1
кометой,1
снарядом,1
шипящей,1
бомбой,1
разбросала,1
растормошила,1
пол…,1
внешняя,1
вихрем,1
кабинете,1
герой,1
незаметен,1
обозначенный,1
неопределенно,1
пассивным,1
занятия”,1
полуслове,1
оборвала,1
глубин,1
вынырнуть,1
шлепнула,1
изрядным,1
шумом,1
реакция,1
досада,1
раздражение,1
внешнюю,1
внутреннюю,1
пред­ставить,1
заняло,1
попросила,1
вовремя,1
исправил,1
трагедию,1
шекспира,1
подошло,1
апогею,1
разделенные,1
далекие,1
чувстве,1
сливаются,1
отрезок,1
изобразить,1
волнуются,1
страницами,1
трогательной,1
идиллии,1
трудно,1
представить,1
выясняется,1
действительная,1
кульминационная,1
вершина,1
правдоподобный,1
ложный,1
обрисовало,1
воображение,1
оказались,1
видимостью,1
основанной,1
забавном,1
недоразумении,1
совпадения,1
слияния,1
прохождение,1
явственнее,1
измерениях,1
неясно,1
героиня,1
голубях,1
съесть,1
похоже,1
поворотна,1
примечательна,1
отношениях,1
развязка,1
завязанных,1
ранее,1
узлов,1
наткнувшись,1
твердое,1
мощный,1
сокрушавший,1
энергетический,1
удивляться,1
легкости,1
незаметности,1
высшего,1
гармонического,1
съезжает,1
прозаическому,1
центру,1
множества,1
тончайших,1
уловимых,1
психологических,1
стилистических,1
интонационных,1
бытовом,1
выглядит,1
забавным,1
случаем,1
полуанекдотом,1
могущим,1
вызвать,1
философском,1
сущностном,1
трагедией,1
трещиной,1
мироздании,1
поразительно,1
присутствуют,1
взаимоисключающие,1
журчит,1
стихотворению,1
непосредственности,1
простодушия,1
глубине,1
временами,1
проступает,1
просвечивая,1
гранями,1
восхищает,1
необыкновенно,1
гибка,1
богата,1
оттенками,1
выражая,1
самоиронию,1
неуловимая,1
жемчужность,1
основано,1
создающей,1
повествовательной,1
оказывается,1
переливов,1
законченное,1
предложение,1
исключением,1
предложений,1
законченную,1
интонационную,1
волну,1
понижением,1
волн,1
случайным,1
строфах,1
явная,1
математическая,1
зако­номерность,1
предоставило,1
дополнительные,1
тонкого,1
варьирования,1
семь,1
хрустальных,1
брызгах,1
вспоминается,1
державинское,1
алмазна,1
сыплется,1
гора,1
поэтических,1
деталей,1
вытягиваясь,1
длину,1
приемы,1
большинстве,1
неявны,1
останутся,1
незамеченными,1
очевидных,1
выделение,1
строфе,1
отдельную,1
дополнительных,1
выделяется,1
графически,1
вертикали,1
соотноситься,1
завершающим,1
предыдущую,1
контрастным,1
результате,1
прочно,1
оседает,1
сознании,1
подсознании,1
вынесенные,1
заметное,1
ударное,1
конец,1
образуют,1
курсив,1
суждено,1
улетучиться,1
обнажить,1
любопытном,1
явлении,1
хотелосъ,1
промежуточных,1
безударных,1
содействует,1
благозвучию,1
встряхивает,1
толчок,1
ключевых,1
фразах,1
замедляет,1
значительность,1
подобных,1
стыков,1
целых,1
беглому,1
произнесению,1
синтаксический,1
последовавшие,1
деепричастие,1
причастие,1
нетрудно,1
убедиться,1
важная,1
предпоследняя,1
произносится,1
медленнее,1
скажем,1
характерная,1
мягкость,1
плавность,1
нажима,1
жесткости,1
вызвано,1
атмосфере,1
насыщенной,1
многими,1
чертами,1
развенчивая,1
тайно,1
гармонию,1
возвышает,1
гармонической,1
значительно,1
отметил,1
полный,1
анализ,1
структуралистам,1
важных,1
метрическая,1
благозвучно,1
сочетание,1
аао,1
созвучие,1
лнл,1
мн,1
метрична,1
здух,1
созвучиями,1
прошиты,1
оооа,1
ааа,1
найти,1
удивлением,1
обнаружил,1
одиннадцать,1
отнести,1
перечислю,1
слева,1
порядковый,1
номер,1
справа,1
обозначения,1
стоп,1
з,1
9,1
13,1
14,1
15,1
20,1
короткие,1
состоящие,1
зависимости,1
контекста,1
могут,1
произнесены,1
вне,1
дольникого,1
добавочным,1
безударным,1
слогом,1
пропуском,1
безударного,1
сетке,1
поскольку,1
составляют,1
большинства,1
разношерстны,1
двухсложны,1
трехсложны,1
разной,1
стопности,1
зарождающаяся,1
разговорности,1
подчиняет,1
нигде,1
скандируются,1
тянуло,1
скандировать,1
поэтическими,1
видению,1
“звонким,1
принижены,1
отрекаются,1
притязаний,1
высокую,1
метрическую,1
особая,1
воспринимаясь,1
сознанием,1
подсознания,1
создают,1
скрытый,1
гармонический,1
фон,1
середине,1
подряд,1
й,1
метрического,1
взаимно,1
аннигилируют”друг,1
проходные,1
своеобразное,1
произведем,1
эксперимент,1
закрываем,1
начинаем,1
четвертой,1
сыплющегося,1
жемчуга,1
длинные,1
громоздкие,1
выполняет,1
своеобразного,1
мостика,1
плавного,1
перехода,1
роде,1
рычаг,1
переключения,1
скоростей,1
характер,1
двойственный,1
воспринимается,1
продолжение,1
возрастанию,1
прозаического,1
подготавливает,1
заключительные,1
гармонизации,1
упорядочению,1
момент,1
четвертей,1
ударения,1
четырехударны,1
тоническое,1
немаловажным,1
формообразующим,1
элементом,1
спорную,1
высказать,1
раскрывает,1
читает,1
представление,1
трехстопным,1
ямбом,1
последующими,1
строками,1
рассеивает,1
возможной,1
ямбической,1
моделей,1
особенностей,1
осложняется,1
элементами,1
рассердился,1
целовались,1
загадочна,1
бесспорной,1
однозначной,1
трактовке,1
важнее,1
какую,1
упор,1
подтексту,1
широкому,1
третью,1
грамматический,1
соединительным,1
одинаково,1
важны,1
воплощающие,1
неразрывном,1
единстве,1
прямых,1
доказательств,1
сказанному,1
ориентиры,1
малатеста,1
франческу,1
римини,1
трагической,1
возлюбленных,1
сочувственно,1
рассказанной,1
данте,1
божественная,1
комедия,1
отличается,1
объединила,1
зажгла,1
неразлучные,1
страдании,1
остаются,1
верны,1
трагическая,1
несчастных,1
имеет,1
критерием,1
основании,1
выносит,1
приговор,1
веку,1
заключительная,1
отсвет,1
принадлежащее,1
годом,1
огоньки,1
марта,1
написания,1
окончательно,1
расстались,1
месяцев,1
ноябре,1
последнем,1
связанном,1
именем,1
проходит,1
предо,1
твоя,1
тень…,1
благоволеньем,1
укором,1
ненавидя,1
мстя,1
скорбя,1
хочешь,1
приговором,1
наполеон,1
итак,1
убедились,1
простом,1
неизмеримо,1
подводных,1
течений,1
предположить,1
облеченное,1
непритязательную,1
шутливую,1
форму,1
прекрасно,1
уникально,1
полифоничностью,1
скрытой,1
глубинной,1
гармонией,1
основного,1
поисков,1
понадобится,1
полным,1
основанием,1
устремлено,1
“это,1
мышления…,1
объективно,1
говоря,1
дополняют,1
создал,1
удивительные,1
совершенству,1
передачи,1
значительное,1
равномерно,1
распределяется,1
“звуковой,1
материей”,1
метром,1
рифмой,1
напевностью,1
тематическим,1
содержанием,1
стиховая,1
сросшаяся,1
стилистикой,1
кругом,1
определенного,1
изнашиваться,1
“задевать”,1
“тромбы”,1
напряженная,1
обостренное,1
оболочке,1
фоносемантического,1
параллелизма,1
“взрывают”,1
авансцену,1
такова,1
общая,1
схема,1
конкретные,1
обращения,1
иного,1
индивидуальны,1
неповторимы,1
вспоминая,1
работе,1
николая,1
рыленкова,1
верлибром,1
“думая,1
матери”,1
антоновна,1
рассказывала,1
“до,1
1957,1
моей”,1
удовлетворило,1
мнению,1
отвлеченным,1
рассказать,1
чувствах,1
бился,1
пробовал,1
неудовлетворен,1
обобщенно,1
недостаточно,1
истинно,1
обрадовался,1
обратился,1
стиховой,1
близости,1
лишенной,1
малейшего,1
налета,1
ложной,1
поэтичности“,1
нерифмованных,1
нерегулярными,1
ритмами”,1
бертольд,1
брехт,1
объяснил,1
приверженности,1
“очень,1
оказывают,1
неприятно,1
убаюкивающее,1
усыпляющее,1
регулярным,1
шумам,1
падающие,1
крышу,1
моторов,1
впадаешь,1
транс…в,1
неприятном,1
мечтательном,1
настроении,1
навевают,1
играл,1
своеобразную,1
возникали,1
ассоциации,1
плыла,1
волнам,1
вырваться,1
сглаживающего,1
упорядочивающего,1
настроения”,1
отмечу,1
главных,1
стала,1
неудовлетворенность,1
однообразием,1
целиком,1
состоявшей,1
кирпичиков,1
четверостиший,1
“усредненных”,1
пейзаж,1
напоминал,1
унылую,1
равнину,1
сплошь,1
усеянную,1
одинаковыми,1
блочными,1
зданиями,1
яркой,1
ранние,1
фейерверки,1
“без,1
условной,1
безусловной,1
поэтичностью”,1
известного,1
переводчика,1
кашкина,1
системы,1
центр,1
перемещается,1
сосредоточена,1
основная,1
стержнем,1
несущей,1
конструкцией,1
значительная,1
истинная,1
накала,1
нуждаться,1
внешних,1
прикрасах,1
подпорках,1
концентрированного,1
смену,1
декламационному,1
пафосу,1
предельно,1
непринужденной,1
“сын,1
гармонии”,1
единственно,1
слывет,1
личностью,1
исключительной,1
отделен,1
пропастью,1
непреодолимой,1
чертой,1
собеседник,1
равных,1
демократизма,1
трепещет,1
гордость,1
скрывающееся,1
безыскусностью,1
заключается,1
каждому,1
тысяч,1
обращается,1
обретать,1
магическую,1
“тебе”,1
возлагаю,1
шепчу,1
ухо,1
“многих,1
женщин,1
мужчин,1
всех”,1
мешкал,1
вдали,1
немой,1
поспешить,1
твердить,1
воспевать,1
покину,1
пойду,1
воздам,1
гимны,1
понимаю,1
тебя…,1
перевод,1
корнея,1
чуковского,1
воздействие,1
оказывает,1
могучий,1
канал,1
физически,1
ощущает,1
токи,1
щедрости,1
доброты,1
интеллектуальной,1
исходящии,1
жесты,1
утаишь,1
малейшую,1
последовательный,1
камерадо,1
тронешь,1
человека…,1
начать,1
экзамен,1
широты,1
взглядов…”,1
верно,1
латышский,1
кажущейся,1
бесхитростности,1
внимательном,1
рассмотрении,1
обнаруживаем,1
действует,1
важнейший,1
источник,1
динамизма,1
генератор,1
графика,1
воле,1
расчленяющая,1
текст,1
стихотворные,1
межстиховые,1
паузы,1
синтаксического,1
“измерение”,1
стиховое,1
резонансных,1
общении,1
читателем…,1
пауз,1
вдвое,1
обратил,1
андрей,1
”…интервал,1
потенциальная,1
строки”,1
тайну,1
возьмем,1
миниатюру,1
германа,1
лукьянова,1
идущий,1
улицы,1
прогуливает,1
собаку,1
собственную,1
одиночестве,1
непостижимым,1
сумел,1
почувствовать,1
одинок,1
безнадежно,1
одинок…,1
встретил,1
маленьких,1
близнецов,1
одинаковы,1
посмотрел,1
ахметьева,1
симпатичной,1
зарисовкой,1
вдумаемся,1
убедимся,1
потаенные,1
связаны,1
тайнами,1
познать,1
управлять,1
ею…,1
кстати,1
упоминавшихся,1
хе,1
седугин,1
аркадий,1
герциг,1
мишин…,1
список,1
продолжить,1
складываться,1
устойчивая,1
традиция,1
сверхкороткого,1
самых,1
примечательных,1
десятилетий,1
испытав,1
верлибровая,1
утратила,1
самобытность,1
радует,1
заметно,1
расширился,1
круг,1
умеющих,1
остро,1
работать,1
меткой,1
емкой,1
предельной,1
точностью,1
внушает,1
оптимизм,1
относительно,1
дальнейших,1
перспектив,1
верлибра…,1
длинного,1
отставшего,1
“рывка”,1
новое,1
обретет,1
художественную,1
ткань,1
шире,1
войдут,1
речевая,1
мелодика,1
пластика,1
устойчивый,1
читательский,1
некие,1
“витамины”,1
“минеральные,1
вещества”,1
малые,1
основания,1
затрагивает,1
“нерв”,1
мировоcприятия,1
привлекает,1
целые,1
нетрадиционной,1
вводит,1
мощное,1
силовое,1
крупной,1
напряженной,1
оригинальной,1
обостренного,1
видения,1
удивительным,1
качеством,1
молниеносной,1
скоростью,1
сближать,1
объединять,1
отдаленные,1
полюсы,1
колоссальную,1
обобщенность,1
емкость,1
вечности…,1
резким,1
сочетанием,1
малого,1
глобального,1
характерно,1
безвременно,1
скончавшегося,1
томского,1
михаила,1
орлова,1
хорошенько,1
посмотреть”,1
вой,1
дрожь,1
старт,1
колеса,1
несущие,1
широкой,1
равнине,1
пустыне,1
бескрайнему,1
полю,1
приятель,1
пустыни,1
правдой,1
вакуум,1
образовавшийся,1
понимать,1
кажущаяся,1
безбрежность,1
обманчива,1
сложнее,1
дисциплиной,1
“…в,1
классическом,1
опытный,1
мастер,1
проверенной,1
лодочке,1
счастливо,1
пробирается,1
финишу,1
балластом,1
терпит,1
прозу,1
притом,1
скверную,1
верлибристу,1
тонким,1
вкусом,1
развитым,1
композиционным,1
чутьем,1
перечислишь…,1
упрощая,1
утверждать,1
точки,1
логики,1
объявив,1
“звуковую,1
материю”,1
музыкальную,1
явлением,1
неотъемлемая,1
посредством,1
живую,1
плоть,1
напряженность,1
неотъемлемой,1
частью,1
непосредственная,1
“вспышка,1
предложивший,1
утверждавший,1
правы,1
расцвеченных,1
чувством,1
доминируют,1
характеризовать,1
приглушенную,1
подспудную,1
малоприметную,1
глубинные,1
имеют,1
прочнее,1
остальных,1
скрепляют,1
согревают,1
прекрати,1
существование,1
воцарилась,1
температура,1
близкая,1
абсолютному,1
нулю,1
счастью,1
первичный,1
первотолчок,1
перефразируя,1
алексея,1
ольгина,1
“первовспышка”,1
газета,1
ярославской,1
губернии,1
антонович,1
десяток,1
разворачивался,1
бум,1
настойчиво,1
поэзии…,1
фаворе,1
свободным,1
языком,1
рифмованным,1
большому,1
счету,1
изолирована,1
прискорбно,1
ценности,1
смотрим,1
изредка,1
замечаем,1
забываем,1
вечных,1
ценностях,1
добре,1
заботится,1
обрызгивает,1
понурые,1
жаль,1
настоящее,1
сильно,1
занижена,1
читателями,1
хоть,1
редкие,1
бывают,1
встреча,1
маяковского,1
контакты,1
дают,1
надежду,1
удел,1
немногих,1
больших,1
стадионов,1
ненормальное,1
наступит,1
займет,1
естественную,1
нишу,1
найдутся,1
издательства,1
издавать,1
тиражами,1
5000,1
экземпляров,1
исключительных,1
случаях,1
кризис,1
издательской,1
деятельностью,1
процессами,1
среде,1
мировозренческим,1
кризисом,1
прежней,1
идеологии,1
общественной,1
произошли,1
стремительные,1
перемены,1
изменилось,1
обстоятельство,1
порождает,1
существенную,1
оговорку,1
идти,1
печатается,1
собственному,1
опыту,1
обедняют,1
нивелируют,1
публикации,1
журнальные,1
действительную,1
картину,1
многим,1
талантливым,1
негде,1
письменных,1
столах,1
опрокинут,1
разговорами,1
реальные,1
процессы,1
определенной,1
примелькавшегося,1
выразительных,1
средств,1
оптимизмом,1
редакторов,1
ленивый,1
найдет,1
баратынского,1
накапливает,1
открыли,1
современных,1
вашему,1
высоким,1
потенциалом,1
ушли…,1
тарковский…,1
уровня,1
качественное,1
накопление,1
современной,1
традиционный,1
рифмованный,1
повседневного,1
изнашивается,1
тускнеть,1
терять,1
звучат,1
резче,1
моментов,1
философской,1
фактически,1
довести,1
магической,1
прямым,1
каналом,1
борхес,1
одного…,1
слушателей,1
напечатался,1
собирается,1
нужны,1
разрозненно,1
единой,1
среды,1
компенсируют,1
начинающих,1
81,1
отыскать,1
хорошего,1
удавалось,1
неким,1
буфером,1
беседовал,1
передавал,1
начальству,1
номере,1
600,1
700,1
количества,1
естественно,1
предпочтение,1
отдавали,1
именитым,1
1988,1
молодежная,1
чухонцев,1
порекомендовал,1
примечание”,1
авторах,1
антоновичу,1
присланные,1
самотеком,1
составив,1
журналы,1
“дружбу,1
литературную,1
газету,1
увидели,1
вашего,1
свойственно,1
ироничное,1
лирических,1
ваш,1
совместимы,1
86,1
87,1
интересом,1
иронической,1
помогала,1
разрушать,1
всякие,1
догмы,1
стереотипы,1
замечать,1
разрушает,1
зависит,1
положительный,1
идеал,1
слегка,1
ироническим,1
оттенком,1
возможна,1
социальной,1
тематики,1
1968,1
аукнуться,1
актуальными…,1
взрывная,1
доходила,1
издалека,1
стеной,1
“время”,1
двойственно,1
помнить,1
обыкновенного,1
репортера,1
функция,1
переживали,1
государств,1
слова…,1
границы…,1
питает,1
эстонская,1
говорили,1
сплав,1
культур,1
японская,1
хокку,1
дается,1
штрихом,1
деталь,1
стремлюсь,1
камушки,1
складывается,1
мозаика,1
большее,1
философия,1
близко,1
наибольшее,1
басе,1
томик,1
книгой,1
чехов,1
лев,1
толстой,1
прихожу,1
позднему,1
вырос,1
сильное,1
тамсааре,1
уровню,1
голсуорси,1
плохо,1
переведен,1
земледельческий,1
близка,1
немногим,1
звучания,1
считаете,1
принципиальная,1
квадратура,1
поэтично,1
выразительно,1
стеклодув,1
рассматривают,1
контексте,1
“вытекающие,1
последствия”,1
биографиях,1
трагичными,1
благополучной,1
иным,1
ориентирован,1
эстетические,1
идеалы,1
конфликту,1
действительностью,1
конфликт,1
разрешает,1
политических,1
осложняли,1
жизнь…,1
складываются,1
удачно,1
удачная,1
коварные,1
моменты,1
взлет,1
евтушенко,1
таит,1
будущий,1
крах,1
хорошее,1
страдать,1
после…,1
сомневаться,1
школе,1
газетах,1
превращаетесь,1
соответствует,1
дзэнскому,1
понятию,1
“художник,1
жизни”,1
дзен,1
увлекался,1
дзэн,1
добром,1
cудьба,1
1937,1
творческая,1
прошла,1
таллина,1
лютеранка,1
пригорода,1
православный,1
моменту,1
возраст,1
волостной,1
староста,1
крещен,1
православие,1
семье,1
самостоятельно,1
изучил,1
шахматной,1
посылая,1
библиотечный,1
ленинграде,1
библиографом,1
комсомольске,1
эстонском,1
поступает,1
литературный,1
набирал,1
семинар,1
талантливых,1
юрий,1
кузнецов,1
поощрялось,1
принят,1
знания,1
литературе,1
оценил,1
еремин,1
экзамене,1
поставил,1
отлично,1
поклонился,1
аспирантура,1
диссертация,1
главы,1
система”,1
“эстонский,1
переводах,1
язык”,1
диссертацию,1
защищать,1
отказался,1
переделок,1
главе,1
параллельно,1
шла,1
переводами,1
главный,1
редактор,1
пригласил,1
журнал,1
редактором,1
публицистического,1
отдела,1
работой,1
редактора,1
домбровского,1
перешел,1
отдел,1
общей,1
сложности,1
проработал,1
1975,1
1991,1
“музыка”,1
виталий,1
белецкий,1
студия,1
интересна,1
попытка,1
проводить,1
нестан,1
дартные,1
музыкальные,1
концерты,1
искусств,1
живопись,1
почитать,1
учится,1
курсе,1
переписаны,1
1965году,1
поженились,1
71,1
длинный,1
расставались,1
вела,1
огромной,1
расставаться,1
лет…,1
прочла,1
неопубликованное,1
решался,1
покорило,1
ездила,1
городам,1
замечательные,1
рублевские,1
фрески,1
звенигород,1
мягкая,1
овала,1
праведников,1
владимире,1
святых,1
ожили,1
синеглазым,1
пишу,1
том…,1
тоже…,1
изящно,1
оформленная,1
девушках,1
веснах,1
осенях,1
печали,1
сыздавна,1
составляло,1
проникнуты,1
человечностью,1
добротой,1
верой,1
сообщают,1
хорошие,1
точность,1
свежесть,1
мыслеизъявления,1
отличают,1
встречена,1
доброжелательно,1
порадовало,1
посланную,1
организовывает,1
стих”,1
участников,1
младший,1
константин,1
родится,1
77,1
73,1
принимают,1
успешные,1
выступления,1
литераторов,1
продолжением,1
заказу,1
перекликались,1
творчеством,1
интересовали,1
кропотливо,1
пытается,1
попадают,1
некоей,1
рубер,1
переводчице,1
прозы,1
ничтоже,1
сумняшившись,1
выискивает,1
несовпадения,1
подстрочником,1
убийственную,1
рецензию…,1
чрезвычайно,1
включать,1
абсолютно,1
хорошей,1
напряжение,1
вошедшими,1
невошедшими,1
стараться,1
включить,1
мальски,1
приличное,1
затуханию,1
достижения,1
противоречащие,1
безжалостно,1
отсекать,1
стихами”,1
записала,1
упоминал,1
замыкался,1
страсти,1
домашнюю,1
библиотеку,1
составителя,1
сборников,1
стройку,1
камского,1
автозавода,1
камаз,1
появился,1
“лебеди,1
челнами”,1
организованной,1
“на,1
таганке”,1
1984,1
проводились,1
выступали,1
именитые,1
молодежь,1
объединенные,1
печати,1
статью,1
поэте,1
николае,1
слушал,1
собственном,1
исполнении,1
пел,1
увидела,1
присланных,1
новый,1
орловской,1
области,1
подборок,1
дружбу,1
орион,1
предисловием,1
2003году,1
существенных,1
работ,1
боброва,1
каких,1
клочков,1
вороха,1
разного,1
формата,1
листочков,1
перепечатывая,1
выстраивая,1
издали,1
“спасибо,1
напечатавший,1
военных,1
опубликовано,1
альманахе,1
интересный,1
послевоенное,1
отбирал,1
почты,1
заинтересовавших,1
попали,1
внимательность,1
распространялась,1
животные,1
взаимностью,1
обладал,1
сострадать,1
занимала,1
безденежье,1
неестественное,1
жестокое,1
“все,1
помогает”,1
взывает,1
“посмотрите,1
погибнуть,1
денег…”сам,1
гонорар,1
поделиться,1
неимущими,1
сложными,1
совпало,1
изменение,1
обстановки,1
болезнь,1
смерть,1
границы”,1
держались,1
морально,1
подрабатывали,1
грузчиками,1
булочной,1
учась,1
способны,1
радоваться,1
отмечать,1
праздники,1
путешествовали,1
велосипедах,1
радовало,1
ездили,1
“мещерскую,1
сторону”,1
забывали,1
печалях,1
поражаясь,1
близкого,1
березовой,1
золотых,1
полей,1
синими,1
васильками,1
замечательной,1
речушки,1
обрывистыми,1
берегами,1
омутами,1
рыбная,1
ловля,1
сена,1
соседству,1
километрах,1
чудесной,1
милые,1
помогли,1
выбраться,1
края,1
поддерживала,1
зоя,1
урожденная,1
племянница,1
профессора,1
основоположников,1
педиатрии,1
воспитывала,1
наизусть,1
“две,1
старушки”,1
“весела,1
лучик”,1
занят,1
столетия,1
41,1
проводил,1
выписывал,1
перепечатывал,1
проверял,1
накоплено,1
неоценимую,1
помощь,1
подборе,1
материала,1
оказывал,1
студенческой,1
поры,1
зарубежная,1
прилавках,1
приходилось,1
крупицам,1
толстые,1
папки,1
отсеянных,1
процессе,1
камертоном,1
“мужество”,1
ахматовой,1
книжечка,1
1997г,1
выборочных,1
раздел,1
которому,1
названа,1
отражающий,1
международном,1
фестивале,1
дальнейшем,1
участвовал,1
фестивалях,1
качестве,1
члена,1
жюри,1
лауреатом,1
лесковской,1
принесло,1
творческое,1
общение,1
исполнителями,1
александром,1
васиным,1
валентином,1
белецким,1
ребятами,1
авторского,1
познакомился,1
юбилей,1
романов,1
“март”,1
“кто,1
прочел,1
ставшие,1
откровением,1
немецком,1
польском,1
украинском,1
хорватском,1
хинди…,1
уникальна,1
сокровенные,1
традиции,1
лирики”…,1
метафоричность,1
неосознанное,1
святые,1
отцы,1
учат,1
кем,1
радостен,1
хорошо…”,1
целое,1
взаимосвязано,1
порваны,1
бытия,1
солнца…”,1
тормоза…”,1
магния”,1
“вечный,1
двигатель…”,1
ракурс,1
легкую,1
проникает,1
второму,1
периоду,1
сомнения,1
дисгармония,1
тормоза”,1
естественность…,1
нее…,1
исполнением”,1
избавление,1
холодов,1
“вот,1
период…”,1
травах…”,1
публицистическом,1
временно,1
замолкает,1
несовместимые,1
сферы,1
деятельности,1
ухода,1
публицистики,1
обрел,1
вдохновила,1
поездка,1
детьми,1
“та,1
светом…”,1
муза,1
вернулась,1
трудные,1
совпал,1
потеря,1
“эстония,1
маленькая…”,1
предчувствии,1
разрыва,1
разделение,1
признакам,1
политическим,1
взглядам,1
враждуют,1
годы…,1
горечью,1
стилистика,1
похожа,1
предыдущих,1
“толпой,1
четвертый,1
примыкает,1
предыдущему,1
выбор,1
модно,1
презирать,1
обездоленные,1
парии,1
переходе…”,1
каком,1
относится,1
проникается,1
духом,1
православной,1
россия,1
“слово”,1
слово…”,1
сознательный,1
зрелые,1
“потому,1
добром”,1
корреспонденту,1
православном,1
храме,1
вдруг”,1
рецензент,1
федякин,1
“нищ,1
светел”,1
“прозрения,1
русски”,1
“рублевская,1
тучах…”,1
“воздух,1
наполнен…”,1
пятый,1
свет”…,1
слух,1
утончается,1
веком”,1
невидимое,1
светла,1
живому,1
целен,1
буйство,1
радуги”,1
“…,1
музыки”,1
музыке,1
возникло,1
направление,1
“интонации”,1
основоположником,1
даргомыжский,1
титан,1
мусоргский,1
“детская”,1
уха,1
чужероден,1
72,1
литературы”…,1
солнца…,1
пчел…”,1
писала,1
сотрудничал,1
частности,1
“пчелиных”,1
раздумий,1
ушедших,1
поколениях,1
цели,1
пронизывает,1
“трудиться…”,1
зачем,1
приходил,1
”мы,1
уезжаем…,1
яблоки”,1
“род,1
“цель,1
ответы,1
“копать,1
человека”,1
незавершенных,1
“незадолго,1
…последнее,1
создание,1
доступными,1
способами…,1
любовная,1
женщине,1
ребенку,1
окружающим,1
тонкое,1
созданием,1
подспудно,1
сказывается,1
серафима,1
саровского,1
целомудренное,1
“девушки,1
радуют,1
“вечерами,1
счастья”,1
“сентиментальность,1
сопровождается,1
иронией,1
злой,1
грустной…,1
отличная,1
тонкий,1
“под,1
окном”,1
“нет,1
спишь…,1
снегом”,1
понимаем,1
отмечал,1
“золотое,1
моя”,1
“умею,1
вдохновение,1
философски,1
осмысливает,1
вольная,1
невольная,1
тайная,1
младенцу,1
отражается,1
пальто”,1
удивительно,1
прозрение,1
будущее…,1
цвет,1
притягивал,1
“синий,1
февраль…,1
стою…”,1
болел,1
просил,1
загораживать,1
прилетел,1
голубь,1
кружил,1
больного,1
следяшего,1
полетом,1
голубя,1
освещенного,1
летал,1
выздоровел,1
андрею,1
рублеву,1
65,1
крещения,1
надежда,1
ру…си,1
уу,1
усь,1
проявляется,1
звучание,1
каждой,1
отзвук,1
русь,1
си,1
“синь”,1
звенящий,1
звук,1
“дзинь”,1
уходящий,1
летящая,1
глубина,1
синевы,1
лазурности,1
понижение,1
возможный,1
диапазон,1
долгому,1
низкому,1
у”,1
руууси,1
расширение,1
зримо,1
колоколов,1
наполняющее,1
небосвод,1
идущее,1
ввысь,1
xix,1
пытаясь,1
примирить,1
враждующих,1
лагеря,1
моралистов,1
эстетов,1
одних,1
некрасов,1
фет,1
объединял,1
“художественностью”,1
художественности,1
пользы,1
утверждал,1
художественность,1
вред,1
уточняет,1
“высота,1
фета,1
высота,1
противоречия,1
призвано,1
напоминать,1
боге,1
отзывчивость,1
всемирную,1
правду,1
полноте,1
произведения,1
своими,1
родными,1
“дон,1
кихот”,1
автор,1
задумывал,1
сатиру,1
рыцарство,1
героем,1
кихотом,1
ожил,1
повел,1
“божией,1
правде”,1
”ржавая,1
кихота…”,1
осмысление,1
достичь,1
доме…”,1
пеленки…”,1
“таинственный,1
чертеж…”,1
молитвенные,1
назначении,1
философских,1
пути…”,1
двойственной,1
разбирает,1
“символы,1
писателей”,1
иннокентий,1
анненский,1
рассматривает,1
взаимодействие,1
лермонтова,1
тургенева,1
достоевского,1
толстого,1
посмотреть,1
ладу,1
давит,1
пугает,1
завораживает,1
“вызовом”,1
“греха”,1
“добычей”,1
разрушают,1
“хочу,1
прекрасна”,1
красота,1
приносящая,1
отталкивает,1
неизданных,1
“ноги,1
загляденье,1
железные,1
верлибрах,1
проливает,1
собственное,1
сложные,1
александра,1
развенчивает,1
мучивший,1
развенчания,1
несовпадении,1
внутреннего,1
героиней,1
произведений,1
такому,1
выводу,1
“они,1
стихи…”,1
“но,1
огоньки”,1
разбора,1
культуры”,1
корне,1
расходился,1
писателями,1
относились,1
использовал,1
культуру,1
проникаясь,1
любили,1
страну,1
конкретно,1
имел,1
“глядя,1
отступничество,1
именовавших,1
“русскими,1
писателями”,1
высказывания,1
погибших,1
рекламе,1
стареющую,1
поэтессу,1
вязалось,1
“образом,1
героини”,1
ладно,1
нищеты…,1
русским,1
его”,1
открещивались,1
“звания”,1
последствиями”,1
православное,1
постижению,1
трудный,1
неизменно,1
брал,1
поздних,1
перечитывал,1
неоднократно,1
сродни,1
блоковскому,1
“наша,1
память,1
хранит,1
малолетства,1
веселое,1
легкое,1
легкая,1
веселая,1
трагическая”,1
“пушкин,1
легко”,1
набралось,1
обращенных,1
косвенно,1
судьбой,1
восемь,1
собрала,1
1998,1
думала,1
волнолом”,1
известны,1
“тьмы,1
низких,1
истин,1
дороже,1
возвышающий,1
обман…”,1
вспоминают,1
дважды,1
отчеркнул,1
томе,1
“оставь,1
герою,1
сердце…что,1
тиран…”,1
сердечность,1
отдельная,1
глава,1
трагическое,1
преодоление,1
праведные,1
труды,1
ранних,1
мою…”,1
“нам,1
нужна…”,1
слововыражении,1
способность,1
нескольких,1
несущих,1
концентрированную,1
энергию,1
донести,1
привести,1
лучше,1
определяют,1
“…все,1
чистая,1
точны,1
обозначают,1
все”,1
светел,1
чистоте,1
доме”,1
вариант,1
пришел,1
“…хочу,1
будущего”,1
очищение,1
“очиститься,1
бы…”,1
очистить,1
стекло,1
промыть,1
“свежее,1
незамутненное,1
мира…”,1
явления,1
осознать,1
претворить,1
постигать,1
истину,1
серафим,1
саровский,1
молитв,1
стяжание,1
святаго,1
мирской,1
преуспеть,1
репродукция,1
висела,1
одухотворенность,1
теплота,1
лиризм,1
лучшим,1
колокольчиком,1
отзывается,1
читаешь,1
малыш”,1
рождается,1
держал,1
немногословен,1
заоблачных,1
высот,1
опускал,1
разрешал,1
забывать,1
“после,1
истокам”,1
убивал,1
поэзией,1
продлевал,1
его…,1
душе”,1
неуловимость,1
момента,1
прекрасного,1
трепетность,1
вмещает,1
богатый,1
чувствуем,1
08,1
01,1
2000г,1
приложения,1
“дорогой,1
вашу,1
любезную,1
надпись,1
велика,1
присест,1
повредили,1
написанные,1
манере,1
интересной,1
производит,1
впечатление,1
свежести,1
непосредственной,1
искренности,1
поздравляю,1
выходом,1
желаю,1
успеха,1
благожелательного,1
отклика,1
прессе,1
искренне,1
уважающий,1
лета,1
льющихся,1
лужицах,1
отсвечивающих,1
одуванчиках,1
солнышках,1
ощущение,1
ликования,1
полноты,1
“пчела,1
вызывающий,1
метко,1
найденного,1
сравнения,1
красочной,1
живописности,1
мне”,1
издаваемые,1
пчелами,1
шмелями,1
вдохновляли,1
музыкантов,1
“сказку,1
царе,1
салтане”,1
“полет,1
шмеля”,1
римского,1
корсакова,1
улавливает,1
оркестра,1
сначала,1
“цветы,1
вокруг”,1
“симфония,1
сада”,1
звучать,1
читаем,1
1972год,1
разделе,1
“мастерство,1
писателя”,1
называлась,1
принимали,1
участие,1
“тенденции,1
распадается,1
отсутствует,1
нервом,1
накал,1
страстной,1
ораторской,1
лавина,1
сюжет,1
глубокие,1
парадоксальные,1
раздумья,1
лаконичность,1
отточенность,1
”внимание,1
слушателя,1
расходуется,1
фиксацию,1
сосредоточивается,1
интеллектуально,1
чувственной,1
ксения,1
начальным,1
держался,1
образцах,1
необычность,1
взгляда,1
образность,1
некрасовой,1
русское,1
примеси,1
иноязычных,1
влияний,1
естественного,1
почве”,1
самодисциплиной,1
организация,1
ритмический,1
дыхания,1
возвещаемые,1
гроша,1
мышление,1
многом,1
композиционное,1
верлибрист,1
соразмерности,1
удачной,1
аукается,1
остальными,1
хорошая,1
композиция,1
зеркал,1
зайчик,1
гуляет,1
зеркала,1
другому,1
плохой,1
гасят,1
возвышенности,1
сцены,1
эстрады,1
душам,1
уютных,1
креслах,1
непринужденнее,1
табуретках,1
голой,1
философа,1
пророка,1
литератор,1
№16,1
апрель,1
стр8,1
краткие,1
библиографические,1
сведения,1
таллин,1
печатался,1
изданиях,1
“знамя”,1
“дружба,1
“литературное,1
“литературная,1
газета”,1
“московский,1
литератор”,1
альманахи,1
“день,1
поэзия”,1
сборниках,1
“антология,1
сборнике,1
московских,1
“московские,1
зори”,1
“русская,1
2001,1
в“антологии,1
лиризма,1
xx,1
печатались,1
сербском,1
иностранных,1
публиковались,1
“новое,1
литературное,1
литинститута”,1
арион,1
хронологически,1
отражающая,1
одуванчика”,1
трехстиший,1
”судьба,1
“неизданные,1
стихи”,1
неопубликованных,1
8,1
поэтах,1
мазурине,1
понтюхове,1
испанский,1
польский,1
литовский,1
хинди,1
грузинский,1
украинский,1
хорватский,1
ямпольской,1
“из,1
итальянского,1
утверждение,1
проходило,1
отнюдь,1
“не,1
преподаватель,1
озабочен,1
учился,1
странном,1
московском,1
вузе,1
выгнали,1
айги,1
“странность”,1
издавали,1
энтузиаста,1
прошлом,1
представлял,1
германии,1
составленную,1
расплывчато,1
названную,1
издателем,1
строкой,1
валерия,1
липневича,1
тополь,1
мае,1
убедился,1
живее,1
воспринимались,1
малюсенькой,1
книжке,1
написать,1
песке”,1
художественным,1
воззрениям,1
1937—1997,1
спокойный,1
выдержанный,1
типичный,1
краткость,1
сдержанность,1
обновить,1
исследовать,1
критики,1
соотечественники,1
подражания,1
японским,1
возникли,1
благодаря,1
увлечению,1
лирике,1
мелодики,1
“тоска,1
дактилю”,1
неожиданной,1
наивностью,1
пытался,1
определить,1
носил,1
революционного,1
преобразования,1
изумлялся,1
георгий,1
резниченко,1
работавший,1
метсом,1
знаменитого,1
вступлении,1
сборнику,1
вышедшему,1
обнажает,1
“вытекающих,1
последствий”,1
“будем,1
откровенны,1
жить”,1
безуспешная,1
борьба,1
вовсю,1
балаганила,1
“эстрадная”,1
боролись,1
неевклидову,1
геометрию,1
ниспровергали,1
сталина,1
мавзолее,1
пределами,1
ленина,1
деньгах,1
всенародного,1
признания,1
происходило,1
государственное,1
приручение,1
буйных,1
произрастал,1
подполье,1
“крысы,1
подвалов”,1
любимым,1
бунтарь,1
маяковский,1
иван,1
шапко,1
эпатировал,1
недоступного,1
буддийскими,1
аллюзиями,1
предвосхищал,1
неизвестного,1
экзистенциалиста,1
христианина,1
киркегора,1
доносчик,1
богу,1
отвлекаясь,1
подозрительный,1
возмущались,1
отсутствием,1
пунктуации,1
печатаем,1
достаточно,1
правильно,1
чистый,1
представлялось,1
объективен,1
нежели,1
обычный,1
силлабо,1
тонический,1
ориентированный,1
пение,1
скандирование,1
сплошная,1
субъективность,1
субъект,1
уравновешен,1
собственным,1
“я”,1
созерцания”,1
добрый”,1
“такого,1
слопают”,1
претензия,1
готовы,1
“упрощение”,1
усложнения,1
совмещения,1
удаленных,1
буричу,1
хватало,1
ироничности,1
отрешенности,1
навязанных,1
будней,1
заметной,1
замечал,1
стремился,1
связать,1
узлом,1
афоризма,1
вязать,1
“узлов”,1
вышивка,1
гладью,1
скептицизм,1
поколебал,1
академик,1
рождественский,1
принявший,1
безоговорочно,1
непосредственную,1
требуя,1
никаких,1
излишеств,1
поверить,1
филологическому,1
чутью,1
перечитывать,1
открытия,1
мимолетной,1
миссии,1
незаметного,1
подвига,1
миниатюрах,1
бескорыстно,1
лампой,1
листвой,1
красивой,1
бездомной,1
обнищавшим,1
музыкантом,1
гастрономе,1
просыпается,1
китайское,1
китайски,1
любование,1
латинского,1
“возделывания”,1
жесткость,1
“крутизна”,1
откровенный,1
аморализм,1
стилем,1
вектором,1
намеренно,1
человечность,1
приобретают,1
особую,1
цену,1
годами,1
радостного,1
восторженного,1
загоняло,1
трезвый,1
горький,1
ранний,1
счастьем”,1
хорошо”,1
“счастливы,1
поздний,1
“страшнейшая,1
нищеты”,1
“железные,1
жестокие,1
адрес,1
окружающей,1
толпы,1
помогало,1
происхождение,1
недаром,1
“национальному,1
кадру”,1
позволено,1
меньшим,1
тиражом,1
разрыв,1
90,1
отзывался,1
редкое,1
речевому,1
каламбуру,1
джангирова,1
выступал,1
практики,1
отвергал,1
чей,1
метод,1
взгляду,1
пренебрежительный,1
философии,1
“поэту”,1
посвящением,1
“и,1
забавно,1
умозаключением,1
перекликаются,1
наблюдения,1
эдуарда,1
лимонова,1
“иосиф,1
состоянии,1
восторга,1
взрывов,1
невеселый,1
классицист,1
бюрократ,1
бухгалтер,1
подсчитает,1
впишет,1
смету,1
балки,1
костыли,1
пилястры,1
колонны,1
гвозди,1
верил,1
сочинил,1
честь,1
поддержал,1
рецензией,1
“аврора”,1
питерского,1
алексеева,1
любопытным,1
прокралась,1
заговорила,1
“маска”,1
текста,1
снятие,1
масок,1
гипса,1
подвижника,1
теоретика,1
процитировать,1
сохраненные,1
памятью,1
суждения,1
поступки,1
происходила,1
руководством,1
осетрова,1
1971,1
грянуть,1
буря”,1
открывал,1
преисполненный,1
культурной,1
революции,1
жовтисом,1
определявшим,1
“метрический,1
взрыв”,1
подтверждение,1
приводил,1
“если,1
присутствовали,1
сравнили,1
рождение,1
рождением,1
“суперновы”,1
начав,1
набата,1
услышать,1
концу,1
доклада,1
взрывом,1
“взрывчато”,1
вливался,1
струйками,1
реальных,1
публикаций,1
отмахивались,1
жалкими,1
порциями,1
разбавляя,1
привычными,1
рифмованными,1
проблески,1
надежды,1
забрезжили,1
80,1
выпустил,1
роскошную,1
избранными,1
18,1
справедливости,1
калуге,1
фестиваль,1
“закрыл”,1
тему,1
спустя,1
выпустив,1
соседствовал,1
360,1
монументальная,1
издательская,1
деятельность,1
переродилась,1
судорожное,1
производство,1
ярких,1
попала,1
мягкие,1
переплеты,1
лирику,1
расплата,1
ударившая,1
непрактичным,1
сочинял,1
констатировал,1
назревало,1
нудного,1
постмодернизма,1
занявшего,1
опустевшее,1
социалистического,1
реализма,1
перекочевал,1
маргинальные,1
группы,1
различными,1
нетрадиционными,1
ориентациями,1
болезненно,1
ощущалось,1
снижение,1
культурного,1
интереса,1
всеобщее,1
свинство,1
откликнулся,1
аполитичный,1
“взрывном”,1
запрещал,1
праздновал,1
побеждать,1
нечего,1
некого,1
сбылось,1
пророчество,1
“сильный,1
напор,1
содержания”,1
сломал,1
“плотину,1
формы”,1
упоением,1
продолжали,1
рифмовать,1
пародировать,1
отмененную,1
социалистическую,1
следовало,1
методами,1
стиль,1
“молодежной,1
моды”,1
бунтарски,1
мелкобуржуазным,1
подворачивается,1
маца,1
“литература,1
пролетариат,1
западе”,1
привел,1
“ненаучную”,1
стихе”,1
“писатель,1
“развитие,1
буржуазного,1
общества,1
точнее,1
мелкой,1
1927,1
покажет,1
усилят,1
“индивидуалистические,1
тенденции”,1
наоборот,1
виновата,1
половинчатость,1
реформ,1
затормозившая,1
появление,1
здорового,1
среднего,1
класса,1
“мелкой,1
“челнокам”,1
вульгарной,1
социологии,1
нащупывает,1
качественный,1
скачок,1
стиля,1
полнозначного,1
основой,1
единицей,1
любое,1
далее,1
“каждое,1
носителем,1
ударения”,1
сделан,1
решающий,1
носителя,1
смысла,1
фонетического,1
объединения,1
сочувствием,1
цитирует,1
вяч,1
вс,1
иванова,1
“иностранной,1
близкий,1
киноправде,1
способ,1
говорилось,1
всеволодович,1
увлечен,1
поэтикой,1
эйзенштейне,1
всюду,1
грезилась,1
“киноправда”,1
пропускает,1
сослаться,1
структуралистские,1
разработки,1
лотмана,1
привлекая,1
оправдания,1
“учение,1
автоматизации,1
видов,1
осознанный,1
семантической,1
находя,1
посылки,1
стеснялся,1
кропотливая,1
выяснению,1
теоретических,1
поучительна,1
организовал,1
дискуссий,1
дала,1
высказаться,1
противным,1
сторонам,1
поставить,1
всеуслышанье,1
“официальным”,1
пошло,1
общую,1
пользу,1
нежный,1
общественность,1
“взрывом”,1
“открывать,1
двери”,1
сомневающимся,1
доносится,1
собой…”,1
“мигом…”,1
таллинские,1
знаю…”,1
“бухарские,1
аисты…”,1
троллейбусы,1
“род…”,1
неизьяснимую,1
осеней,1
внимательна,1
троица,1
сиротливостью…,1
минуты,1
размышляю,1
университет,1
миром,1
очарованный,1
странник,1
ярославль,1
аннотация,1
мастера,1
подготовленные,1
автором,1
избранные,1
вступительная,1
смирнова,1
вячеслава,1
куприянова,1
биографический,1
очерк,1
сноска,1
павлович,1
член,1
совета,1
секретарей,1
глебович,1
критик,1
